Acel_X,Acel_Y,Acel_Z,AngVel_X,AngVel_Y,AngVel_Z,PacketCounter,PacketLoss,Timestamp
-150,-162,7658,-9734,-27711,-1933,708,0,09:55:37.845398
-152,-161,7654,-175,-503,-32,718,10,09:55:37.874689
-159,-169,7646,-179,-504,-33,728,10,09:55:37.914707
-144,-156,7641,-173,-501,-36,738,10,09:55:37.954984
-141,-158,7658,-176,-506,-36,748,10,09:55:37.994718
-138,-155,7663,-179,-503,-40,758,10,09:55:38.034679
-152,-162,7654,-180,-511,-37,768,10,09:55:38.074716
-155,-157,7652,-181,-501,-38,778,10,09:55:38.115491
-148,-158,7653,-181,-505,-35,788,10,09:55:38.158828
-144,-168,7641,-174,-498,-33,798,10,09:55:38.194708
-134,-155,7647,-183,-501,-34,808,10,09:55:38.234712
-160,-159,7648,-174,-504,-36,818,10,09:55:38.285596
-146,-162,7647,-181,-508,-31,828,10,09:55:38.325485
-139,-157,7655,-171,-501,-31,838,10,09:55:38.365137
-141,-162,7653,-184,-501,-33,848,10,09:55:38.394882
-151,-151,7658,-178,-502,-38,858,10,09:55:38.434592
-139,-161,7651,-177,-510,-37,868,10,09:55:38.475274
-155,-163,7639,-174,-506,-35,878,10,09:55:38.515680
-158,-167,7651,-179,-504,-33,888,10,09:55:38.554572
-145,-158,7650,-175,-502,-38,898,10,09:55:38.594855
-147,-155,7646,-179,-505,-34,908,10,09:55:38.654339
-144,-150,7661,-177,-504,-38,918,10,09:55:38.674722
-164,-164,7661,-173,-505,-39,928,10,09:55:38.714702
-155,-162,7657,-178,-501,-40,938,10,09:55:38.754703
-150,-157,7657,-176,-498,-35,948,10,09:55:38.794708
-143,-157,7643,-176,-497,-43,958,10,09:55:38.845307
-147,-157,7645,-182,-505,-35,968,10,09:55:38.884871
-136,-166,7651,-178,-500,-36,978,10,09:55:38.914677
-156,-160,7648,-178,-506,-33,988,10,09:55:38.955170
-148,-159,7647,-170,-506,-36,998,10,09:55:38.995004
-150,-158,7668,-175,-506,-41,1008,10,09:55:39.034669
-147,-157,7646,-172,-500,-34,1018,10,09:55:39.074618
-139,-152,7658,-179,-500,-35,1028,10,09:55:39.114334
-153,-157,7651,-173,-502,-34,1038,10,09:55:39.157335
-145,-153,7654,-177,-504,-39,1048,10,09:55:39.194674
-144,-170,7647,-172,-504,-34,1058,10,09:55:39.235879
-151,-150,7653,-180,-505,-34,1068,10,09:55:39.285603
-138,-171,7652,-176,-502,-33,1078,10,09:55:39.325338
-157,-159,7656,-181,-508,-40,1088,10,09:55:39.364614
-160,-157,7655,-177,-500,-36,1098,10,09:55:39.394249
-146,-162,7647,-179,-502,-36,1108,10,09:55:39.435646
-158,-160,7651,-180,-505,-36,1118,10,09:55:39.475647
-151,-163,7634,-181,-506,-39,1128,10,09:55:39.515338
-144,-158,7648,-178,-502,-35,1138,10,09:55:39.554662
-154,-159,7652,-182,-507,-36,1148,10,09:55:39.594182
-154,-165,7668,-177,-497,-35,1158,10,09:55:39.654664
-165,-170,7640,-184,-509,-34,1168,10,09:55:39.674673
-153,-153,7652,-174,-501,-39,1178,10,09:55:39.714675
-145,-143,7663,-179,-506,-36,1188,10,09:55:39.765422
-150,-165,7636,-171,-496,-39,1198,10,09:55:39.805304
-148,-162,7649,-188,-508,-39,1208,10,09:55:39.834678
-153,-160,7651,-169,-495,-39,1218,10,09:55:39.874696
-153,-171,7640,-178,-505,-32,1228,10,09:55:39.914987
-152,-148,7643,-174,-501,-37,1238,10,09:55:39.955130
-156,-153,7656,-185,-505,-38,1248,10,09:55:39.994692
-153,-166,7664,-176,-503,-35,1258,10,09:55:40.034681
-147,-179,7649,-177,-508,-35,1268,10,09:55:40.074863
-139,-158,7648,-177,-506,-33,1278,10,09:55:40.114721
-156,-146,7647,-177,-508,-34,1288,10,09:55:40.157292
-147,-161,7656,-174,-508,-37,1298,10,09:55:40.194702
-161,-159,7647,-182,-505,-38,1308,10,09:55:40.234651
-149,-163,7636,-183,-505,-35,1318,10,09:55:40.274705
-147,-165,7656,-184,-505,-37,1328,10,09:55:40.314698
-144,-165,7650,-175,-503,-39,1338,10,09:55:40.354798
-141,-156,7657,-180,-505,-38,1348,10,09:55:40.394699
-141,-166,7651,-184,-507,-39,1358,10,09:55:40.435673
-147,-159,7651,-178,-500,-36,1368,10,09:55:40.475060
-145,-148,7637,-183,-512,-38,1378,10,09:55:40.514953
-150,-161,7642,-177,-504,-37,1388,10,09:55:40.554846
-148,-161,7647,-176,-495,-36,1398,10,09:55:40.594639
-140,-153,7655,-182,-502,-36,1408,10,09:55:40.635150
-156,-168,7643,-180,-507,-40,1418,10,09:55:40.674579
-149,-155,7643,-175,-506,-36,1428,10,09:55:40.715470
-146,-155,7665,-178,-502,-39,1438,10,09:55:40.764339
-144,-159,7638,-186,-502,-36,1448,10,09:55:40.805198
-149,-155,7640,-187,-506,-37,1458,10,09:55:40.834626
-150,-149,7652,-182,-504,-36,1468,10,09:55:40.875639
-141,-171,7650,-176,-499,-32,1478,10,09:55:40.914657
-149,-150,7651,-178,-507,-36,1488,10,09:55:40.955103
-151,-153,7655,-181,-506,-37,1498,10,09:55:40.994640
-146,-171,7660,-178,-506,-36,1508,10,09:55:41.035188
-148,-167,7644,-172,-502,-39,1518,10,09:55:41.075491
-134,-150,7651,-173,-499,-39,1528,10,09:55:41.114554
-157,-162,7651,-180,-503,-38,1538,10,09:55:41.157642
-142,-158,7659,-178,-502,-32,1548,10,09:55:41.195150
-145,-160,7647,-176,-507,-33,1558,10,09:55:41.245224
-153,-153,7649,-168,-502,-37,1568,10,09:55:41.284887
-158,-171,7650,-178,-501,-36,1578,10,09:55:41.324840
-147,-170,7660,-178,-506,-33,1588,10,09:55:41.355107
-141,-150,7663,-177,-501,-39,1598,10,09:55:41.394650
-140,-152,7658,-176,-503,-38,1608,10,09:55:41.435662
-148,-147,7664,-180,-503,-38,1618,10,09:55:41.474652
-143,-164,7642,-181,-507,-39,1628,10,09:55:41.515051
-146,-168,7643,-178,-507,-34,1638,10,09:55:41.555030
-148,-165,7657,-180,-505,-40,1648,10,09:55:41.594651
-152,-175,7651,-175,-503,-36,1658,10,09:55:41.635595
-145,-160,7653,-178,-502,-37,1668,10,09:55:41.674659
-149,-171,7656,-176,-507,-30,1678,10,09:55:41.714835
-154,-166,7655,-179,-504,-35,1688,10,09:55:41.754620
-152,-146,7640,-183,-508,-35,1698,10,09:55:41.804849
-163,-171,7638,-177,-508,-38,1708,10,09:55:41.834635
-159,-150,7645,-183,-503,-41,1718,10,09:55:41.874648
-152,-159,7633,-179,-501,-38,1728,10,09:55:41.915171
-162,-164,7641,-180,-505,-40,1738,10,09:55:41.955056
-155,-152,7652,-174,-502,-36,1748,10,09:55:41.994770
-161,-164,7657,-181,-502,-40,1758,10,09:55:42.034635
-152,-156,7656,-185,-508,-33,1768,10,09:55:42.074697
-150,-173,7651,-174,-503,-33,1778,10,09:55:42.114613
-150,-154,7642,-176,-502,-40,1788,10,09:55:42.157295
-150,-171,7656,-175,-504,-42,1798,10,09:55:42.195484
-148,-163,7641,-179,-503,-36,1808,10,09:55:42.245936
-151,-161,7636,-174,-507,-36,1818,10,09:55:42.284937
-155,-166,7659,-181,-504,-35,1828,10,09:55:42.325012
-149,-158,7645,-181,-506,-35,1838,10,09:55:42.354939
-147,-163,7651,-183,-502,-32,1848,10,09:55:42.395900
-160,-165,7655,-178,-504,-35,1858,10,09:55:42.435608
-157,-161,7649,-176,-501,-33,1868,10,09:55:42.474682
-152,-161,7635,-180,-505,-38,1878,10,09:55:42.514711
-149,-166,7642,-180,-508,-34,1888,10,09:55:42.555385
-159,-162,7651,-176,-505,-34,1898,10,09:55:42.615112
-152,-173,7637,-180,-506,-38,1908,10,09:55:42.634694
-138,-175,7643,-177,-504,-33,1918,10,09:55:42.674662
-145,-155,7644,-182,-502,-42,1928,10,09:55:42.724910
-154,-165,7649,-180,-507,-36,1938,10,09:55:42.764930
-143,-166,7634,-174,-502,-36,1948,10,09:55:42.805218
-152,-173,7640,-184,-501,-38,1958,10,09:55:42.834880
-154,-161,7661,-178,-506,-32,1968,10,09:55:42.875059
-149,-167,7652,-175,-500,-39,1978,10,09:55:42.914459
-146,-169,7650,-172,-503,-35,1988,10,09:55:42.954353
-147,-163,7659,-176,-503,-34,1998,10,09:55:42.994851
-157,-166,7653,-181,-507,-33,2008,10,09:55:43.034832
-155,-177,7649,-179,-507,-34,2018,10,09:55:43.074545
-146,-170,7648,-182,-506,-37,2028,10,09:55:43.114677
-151,-167,7636,-179,-503,-36,2038,10,09:55:43.157441
-140,-168,7652,-180,-504,-36,2048,10,09:55:43.194673
-151,-159,7634,-179,-505,-35,2058,10,09:55:43.234639
-159,-164,7639,-183,-505,-41,2068,10,09:55:43.285166
-152,-160,7646,-177,-502,-38,2078,10,09:55:43.314645
-154,-161,7648,-182,-500,-36,2088,10,09:55:43.354691
-153,-171,7646,-179,-501,-36,2098,10,09:55:43.395637
-155,-170,7650,-180,-504,-38,2108,10,09:55:43.435654
-155,-180,7653,-179,-501,-39,2118,10,09:55:43.474601
-154,-159,7649,-181,-504,-36,2128,10,09:55:43.514885
-139,-163,7643,-180,-509,-36,2138,10,09:55:43.554553
-151,-162,7650,-175,-505,-41,2148,10,09:55:43.594680
-164,-166,7632,-176,-502,-41,2158,10,09:55:43.634641
-150,-158,7640,-173,-503,-35,2168,10,09:55:43.674886
-155,-168,7661,-174,-500,-36,2178,10,09:55:43.724504
-155,-157,7663,-180,-503,-38,2188,10,09:55:43.765347
-154,-155,7659,-180,-503,-38,2198,10,09:55:43.805152
-137,-167,7645,-179,-503,-35,2208,10,09:55:43.835218
-147,-157,7648,-177,-506,-38,2218,10,09:55:43.874562
-151,-166,7650,-174,-499,-39,2228,10,09:55:43.915176
-148,-169,7660,-182,-504,-39,2238,10,09:55:43.954993
-160,-155,7649,-183,-509,-37,2248,10,09:55:43.995482
-147,-168,7661,-175,-501,-33,2258,10,09:55:44.035355
-169,-167,7649,-177,-499,-40,2268,10,09:55:44.075418
-151,-158,7653,-180,-507,-35,2278,10,09:55:44.115584
-147,-162,7641,-177,-503,-32,2288,10,09:55:44.157840
-154,-167,7651,-179,-504,-34,2298,10,09:55:44.205204
-149,-159,7640,-174,-507,-35,2308,10,09:55:44.235864
-143,-164,7641,-175,-500,-39,2318,10,09:55:44.284869
-141,-172,7649,-181,-507,-41,2328,10,09:55:44.315083
-149,-160,7647,-183,-504,-36,2338,10,09:55:44.355014
-146,-170,7645,-172,-508,-38,2348,10,09:55:44.395720
-159,-170,7650,-179,-510,-34,2358,10,09:55:44.435208
-152,-181,7657,-175,-502,-38,2368,10,09:55:44.475486
-161,-166,7647,-180,-501,-42,2378,10,09:55:44.515247
-148,-164,7652,-182,-504,-38,2388,10,09:55:44.555585
-161,-170,7642,-183,-508,-37,2398,10,09:55:44.594451
-150,-167,7650,-183,-506,-29,2408,10,09:55:44.635868
-156,-154,7650,-179,-499,-38,2418,10,09:55:44.675393
-146,-158,7640,-180,-506,-35,2428,10,09:55:44.715351
-168,-165,7650,-173,-507,-34,2438,10,09:55:44.764907
-144,-170,7648,-177,-506,-38,2448,10,09:55:44.801998
-155,-159,7641,-178,-503,-34,2458,10,09:55:44.835309
-155,-163,7648,-179,-511,-34,2468,10,09:55:44.875840
-141,-161,7656,-175,-502,-41,2478,10,09:55:44.914270
-138,-158,7643,-183,-506,-37,2488,10,09:55:44.955233
-154,-168,7644,-184,-505,-40,2498,10,09:55:44.995225
-159,-162,7642,-177,-505,-43,2508,10,09:55:45.035318
-165,-169,7640,-179,-504,-37,2518,10,09:55:45.075007
-143,-164,7644,-181,-506,-38,2528,10,09:55:45.114868
-161,-152,7646,-177,-505,-36,2538,10,09:55:45.157515
-161,-160,7655,-175,-497,-33,2548,10,09:55:45.205387
-142,-157,7637,-180,-504,-37,2558,10,09:55:45.244804
-142,-157,7649,-178,-506,-38,2568,10,09:55:45.275003
-143,-150,7652,-181,-509,-31,2578,10,09:55:45.315233
-156,-164,7652,-178,-507,-34,2588,10,09:55:45.355826
-144,-163,7652,-183,-505,-37,2598,10,09:55:45.394990
-152,-157,7650,-179,-508,-41,2608,10,09:55:45.434498
-156,-162,7651,-176,-505,-39,2618,10,09:55:45.475084
-149,-157,7658,-179,-505,-37,2628,10,09:55:45.515312
-156,-163,7640,-182,-501,-36,2638,10,09:55:45.574618
-155,-170,7653,-176,-502,-32,2648,10,09:55:45.594836
-143,-164,7656,-177,-504,-35,2658,10,09:55:45.635298
-147,-174,7642,-179,-507,-35,2668,10,09:55:45.685152
-154,-153,7645,-184,-506,-29,2678,10,09:55:45.725198
-136,-171,7658,-179,-505,-38,2688,10,09:55:45.764860
-151,-157,7636,-175,-508,-35,2698,10,09:55:45.794849
-152,-156,7641,-174,-506,-39,2708,10,09:55:45.835102
-144,-158,7648,-178,-508,-38,2718,10,09:55:45.875805
-157,-168,7650,-176,-503,-35,2728,10,09:55:45.914624
-162,-167,7654,-184,-498,-39,2738,10,09:55:45.955184
-155,-173,7642,-178,-502,-38,2748,10,09:55:45.994635
-150,-163,7650,-179,-505,-39,2758,10,09:55:46.035288
-151,-172,7652,-176,-500,-37,2768,10,09:55:46.075355
-167,-166,7634,-176,-498,-38,2778,10,09:55:46.115336
-161,-166,7637,-183,-501,-36,2788,10,09:55:46.157273
-152,-158,7645,-174,-506,-37,2798,10,09:55:46.194622
-144,-170,7645,-182,-503,-35,2808,10,09:55:46.235277
-161,-175,7651,-183,-501,-35,2818,10,09:55:46.274787
-157,-177,7638,-179,-505,-38,2828,10,09:55:46.315073
-148,-159,7651,-189,-513,-38,2838,10,09:55:46.355224
-152,-172,7648,-175,-506,-38,2848,10,09:55:46.394735
-159,-167,7642,-176,-507,-33,2858,10,09:55:46.435102
-156,-150,7641,-182,-504,-37,2868,10,09:55:46.474770
-139,-161,7640,-174,-501,-37,2878,10,09:55:46.514299
-154,-166,7636,-183,-508,-36,2888,10,09:55:46.555076
-155,-163,7641,-177,-504,-40,2898,10,09:55:46.595230
-151,-168,7654,-183,-504,-34,2908,10,09:55:46.634641
-136,-163,7640,-177,-501,-36,2918,10,09:55:46.684866
-154,-176,7643,-180,-508,-35,2928,10,09:55:46.724801
-169,-173,7646,-179,-506,-38,2938,10,09:55:46.754994
-150,-168,7636,-180,-505,-39,2948,10,09:55:46.794649
-155,-161,7635,-180,-505,-32,2958,10,09:55:46.835302
-146,-169,7652,-174,-498,-44,2968,10,09:55:46.874904
-155,-163,7647,-178,-503,-38,2978,10,09:55:46.914224
-159,-158,7651,-179,-501,-41,2988,10,09:55:46.954850
-154,-168,7635,-176,-505,-31,2998,10,09:55:46.994164
-157,-165,7656,-182,-508,-37,3008,10,09:55:47.035113
-148,-162,7656,-178,-503,-35,3018,10,09:55:47.075140
-151,-165,7652,-174,-502,-42,3028,10,09:55:47.115026
-155,-151,7653,-178,-498,-42,3038,10,09:55:47.167796
-153,-163,7648,-176,-501,-36,3048,10,09:55:47.204610
-147,-172,7643,-175,-502,-35,3058,10,09:55:47.245209
-158,-158,7652,-185,-510,-38,3068,10,09:55:47.275164
-158,-165,7654,-175,-502,-35,3078,10,09:55:47.315191
-142,-156,7650,-175,-506,-44,3088,10,09:55:47.355703
-161,-165,7633,-183,-506,-36,3098,10,09:55:47.394662
-138,-151,7649,-174,-505,-34,3108,10,09:55:47.434543
-153,-158,7651,-186,-504,-35,3118,10,09:55:47.474467
-156,-175,7646,-178,-501,-37,3128,10,09:55:47.534916
-152,-157,7638,-175,-501,-37,3138,10,09:55:47.554749
-150,-163,7654,-174,-500,-34,3148,10,09:55:47.595301
-149,-153,7651,-175,-500,-36,3158,10,09:55:47.635169
-152,-162,7633,-179,-503,-36,3168,10,09:55:47.674899
-153,-166,7649,-181,-508,-34,3178,10,09:55:47.724376
-152,-159,7647,-179,-503,-37,3188,10,09:55:47.754290
-146,-159,7653,-176,-504,-36,3198,10,09:55:47.793986
-157,-167,7640,-183,-508,-33,3208,10,09:55:47.835220
-149,-168,7646,-180,-503,-36,3218,10,09:55:47.875341
-154,-169,7655,-178,-508,-33,3228,10,09:55:47.915212
-149,-164,7643,-182,-505,-35,3238,10,09:55:47.955356
-155,-170,7640,-180,-500,-39,3248,10,09:55:47.995487
-150,-158,7662,-179,-505,-35,3258,10,09:55:48.034635
-152,-161,7656,-184,-505,-38,3268,10,09:55:48.074764
-157,-154,7647,-182,-509,-34,3278,10,09:55:48.125223
-160,-167,7642,-176,-503,-36,3288,10,09:55:48.156851
-142,-168,7655,-183,-509,-34,3298,10,09:55:48.204990
-140,-160,7652,-177,-504,-38,3308,10,09:55:48.235876
-153,-156,7648,-184,-508,-37,3318,10,09:55:48.275773
-149,-165,7651,-183,-505,-40,3328,10,09:55:48.314646
-151,-171,7649,-174,-501,-32,3338,10,09:55:48.354647
-151,-166,7650,-173,-501,-35,3348,10,09:55:48.395136
-159,-164,7648,-179,-500,-37,3358,10,09:55:48.435060
-160,-179,7653,-178,-500,-34,3368,10,09:55:48.475329
-149,-168,7648,-175,-504,-39,3378,10,09:55:48.515112
-152,-161,7644,-179,-499,-39,3388,10,09:55:48.561623
-154,-166,7649,-178,-500,-37,3398,10,09:55:48.595008
-163,-164,7638,-179,-504,-38,3408,10,09:55:48.645754
-156,-160,7641,-180,-509,-36,3418,10,09:55:48.675090
-152,-166,7644,-173,-505,-35,3428,10,09:55:48.725135
-146,-158,7662,-182,-497,-41,3438,10,09:55:48.754927
-153,-149,7657,-193,-506,-37,3448,10,09:55:48.794623
-140,-168,7637,-184,-497,-34,3458,10,09:55:48.835256
-156,-164,7650,-188,-500,-35,3468,10,09:55:48.881188
-153,-168,7632,-181,-500,-39,3478,10,09:55:48.914956
-152,-167,7644,-182,-504,-37,3488,10,09:55:48.954945
-154,-156,7646,-175,-503,-34,3498,10,09:55:48.994906
-148,-165,7647,-174,-497,-31,3508,10,09:55:49.045228
-158,-169,7645,-182,-506,-35,3518,10,09:55:49.075123
-172,-182,7601,-162,-514,-38,3528,10,09:55:49.114166
-157,-136,7545,-182,-506,-36,3538,10,09:55:49.157649
-167,-166,7580,-180,-503,-34,3548,10,09:55:49.194662
-147,-142,7625,-173,-512,-37,3558,10,09:55:49.235218
-135,-173,7638,-171,-507,-37,3568,10,09:55:49.285218
-164,-157,7662,-177,-509,-37,3578,10,09:55:49.315491
-150,-183,7670,-171,-504,-40,3588,10,09:55:49.354677
-147,-166,7663,-176,-503,-35,3598,10,09:55:49.394645
-152,-180,7646,-177,-500,-34,3608,10,09:55:49.435230
-146,-150,7655,-184,-505,-30,3618,10,09:55:49.474893
-172,-170,7646,-176,-503,-37,3628,10,09:55:49.514872
-146,-155,7641,-180,-505,-33,3638,10,09:55:49.555307
-159,-167,7637,-179,-507,-37,3648,10,09:55:49.594144
-150,-164,7639,-181,-504,-34,3658,10,09:55:49.654348
-141,-170,7635,-175,-502,-36,3668,10,09:55:49.674575
-146,-159,7649,-173,-503,-34,3678,10,09:55:49.714478
-150,-174,7647,-183,-508,-27,3688,10,09:55:49.754393
-146,-173,7647,-184,-504,-38,3698,10,09:55:49.805226
-147,-157,7641,-173,-503,-38,3708,10,09:55:49.835384
-149,-155,7655,-174,-497,-38,3718,10,09:55:49.874597
-152,-161,7669,-181,-510,-33,3728,10,09:55:49.914658
-143,-163,7656,-179,-511,-33,3738,10,09:55:49.954765
-139,-156,7654,-179,-502,-37,3748,10,09:55:49.995020
-144,-162,7661,-175,-501,-36,3758,10,09:55:50.045190
-152,-155,7645,-180,-508,-37,3768,10,09:55:50.074227
-152,-162,7635,-184,-503,-35,3778,10,09:55:50.115021
-149,-170,7650,-180,-504,-40,3788,10,09:55:50.162022
-141,-166,7654,-179,-511,-36,3798,10,09:55:50.194604
-151,-158,7639,-178,-499,-36,3808,10,09:55:50.234644
-142,-164,7643,-179,-502,-36,3818,10,09:55:50.274795
-144,-155,7664,-185,-501,-31,3828,10,09:55:50.315008
-140,-161,7650,-174,-505,-31,3838,10,09:55:50.355509
-143,-161,7652,-179,-504,-38,3848,10,09:55:50.395487
-142,-162,7647,-183,-505,-38,3858,10,09:55:50.435037
-158,-167,7652,-176,-501,-35,3868,10,09:55:50.475328
-143,-164,7655,-175,-502,-36,3878,10,09:55:50.525174
-146,-148,7649,-176,-508,-38,3888,10,09:55:50.555316
-147,-173,7653,-175,-503,-34,3898,10,09:55:50.601222
-144,-156,7657,-178,-507,-37,3908,10,09:55:50.645106
-148,-176,7646,-183,-505,-35,3918,10,09:55:50.675025
-147,-169,7647,-184,-507,-34,3928,10,09:55:50.714138
-157,-168,7653,-173,-501,-33,3938,10,09:55:50.755603
-147,-165,7657,-179,-506,-41,3948,10,09:55:50.794820
-159,-153,7647,-177,-502,-36,3958,10,09:55:50.835868
-155,-161,7633,-175,-499,-35,3968,10,09:55:50.874633
-157,-148,7652,-181,-501,-39,3978,10,09:55:50.915186
-155,-170,7641,-182,-507,-37,3988,10,09:55:50.955344
-146,-159,7639,-184,-506,-40,3998,10,09:55:50.994887
-157,-151,7655,-172,-507,-38,4008,10,09:55:51.035042
-157,-167,7639,-177,-500,-40,4018,10,09:55:51.075274
-147,-159,7642,-177,-500,-38,4028,10,09:55:51.124917
-140,-150,7655,-174,-504,-39,4038,10,09:55:51.157154
-156,-160,7655,-178,-510,-35,4048,10,09:55:51.194639
-150,-159,7656,-175,-501,-35,4058,10,09:55:51.235016
-151,-161,7643,-182,-506,-38,4068,10,09:55:51.284898
-157,-158,7650,-182,-510,-35,4078,10,09:55:51.315501
-144,-167,7658,-180,-507,-31,4088,10,09:55:51.354607
-150,-160,7647,-182,-501,-35,4098,10,09:55:51.395475
-149,-154,7630,-175,-500,-38,4108,10,09:55:51.435197
-145,-160,7641,-181,-508,-39,4118,10,09:55:51.475076
-138,-161,7653,-177,-510,-39,4128,10,09:55:51.514638
-151,-158,7649,-174,-499,-36,4138,10,09:55:51.555235
-152,-168,7649,-177,-499,-39,4148,10,09:55:51.594522
-159,-162,7661,-177,-502,-34,4158,10,09:55:51.634989
-155,-170,7644,-180,-506,-32,4168,10,09:55:51.674820
-161,-143,7645,-183,-508,-36,4178,10,09:55:51.714616
-150,-162,7654,-177,-504,-33,4188,10,09:55:51.754918
-146,-152,7649,-181,-505,-37,4198,10,09:55:51.795437
-145,-153,7646,-185,-507,-40,4208,10,09:55:51.835601
-148,-154,7653,-179,-504,-34,4218,10,09:55:51.875064
-151,-157,7656,-172,-504,-38,4228,10,09:55:51.915185
-147,-156,7653,-190,-510,-38,4238,10,09:55:51.955141
-138,-167,7641,-180,-506,-39,4248,10,09:55:52.004009
-154,-161,7659,-184,-502,-38,4258,10,09:55:52.034935
-143,-168,7645,-183,-503,-38,4268,10,09:55:52.074554
-147,-151,7649,-182,-509,-37,4278,10,09:55:52.124852
-147,-151,7653,-180,-503,-37,4288,10,09:55:52.158773
-145,-152,7654,-182,-511,-35,4298,10,09:55:52.194628
-152,-164,7649,-180,-503,-33,4308,10,09:55:52.234849
-154,-153,7643,-178,-502,-35,4318,10,09:55:52.275295
-154,-156,7653,-176,-505,-39,4328,10,09:55:52.304257
-149,-148,7658,-174,-503,-36,4338,10,09:55:52.344392
-153,-161,7639,-171,-505,-33,4348,10,09:55:52.384670
-147,-167,7646,-169,-501,-37,4358,10,09:55:52.424879
-152,-160,7652,-180,-506,-41,4368,10,09:55:52.463976
-147,-165,7651,-176,-505,-37,4378,10,09:55:52.504951
-146,-171,7649,-183,-505,-37,4388,10,09:55:52.544578
-154,-164,7647,-176,-504,-37,4398,10,09:55:52.584703
-151,-164,7640,-178,-501,-40,4408,10,09:55:52.624497
-152,-155,7648,-186,-506,-32,4418,10,09:55:52.664390
-156,-160,7640,-176,-503,-40,4428,10,09:55:52.704612
-151,-160,7651,-175,-504,-35,4438,10,09:55:52.744047
-138,-157,7647,-178,-498,-37,4448,10,09:55:52.784601
-149,-155,7649,-183,-509,-35,4458,10,09:55:52.824581
-147,-155,7653,-179,-507,-34,4468,10,09:55:52.864631
-156,-161,7652,-183,-508,-36,4478,10,09:55:52.904590
-157,-159,7663,-179,-507,-34,4488,10,09:55:52.944282
-149,-162,7645,-171,-500,-40,4498,10,09:55:52.984728
-151,-157,7649,-171,-501,-35,4508,10,09:55:53.024624
-142,-165,7653,-179,-506,-35,4518,10,09:55:53.064601
-127,-148,7659,-180,-505,-32,4528,10,09:55:53.104640
-150,-162,7647,-178,-501,-36,4538,10,09:55:53.147444
-154,-161,7659,-177,-501,-37,4548,10,09:55:53.184603
-140,-159,7648,-176,-507,-38,4558,10,09:55:53.234911
-149,-157,7641,-170,-500,-41,4568,10,09:55:53.264670
-152,-165,7676,-186,-509,-38,4578,10,09:55:53.304433
-154,-155,7641,-174,-504,-39,4588,10,09:55:53.344521
-153,-160,7640,-184,-500,-38,4598,10,09:55:53.384494
-151,-158,7635,-184,-505,-33,4608,10,09:55:53.434923
-156,-156,7652,-173,-503,-35,4618,10,09:55:53.464661
-143,-162,7642,-178,-507,-37,4628,10,09:55:53.504641
-154,-158,7655,-182,-505,-36,4638,10,09:55:53.544388
-148,-154,7662,-180,-507,-37,4648,10,09:55:53.584489
-165,-169,7652,-185,-505,-39,4658,10,09:55:53.625126
-158,-165,7645,-178,-505,-36,4668,10,09:55:53.664517
-149,-162,7644,-178,-505,-32,4678,10,09:55:53.704647
-151,-159,7644,-177,-505,-35,4688,10,09:55:53.744677
-142,-160,7641,-185,-502,-36,4698,10,09:55:53.784820
-147,-165,7643,-186,-504,-35,4708,10,09:55:53.824681
-155,-162,7650,-178,-507,-36,4718,10,09:55:53.864665
-148,-161,7650,-175,-503,-35,4728,10,09:55:53.904635
-154,-158,7655,-180,-506,-37,4738,10,09:55:53.944314
-153,-159,7658,-177,-506,-40,4748,10,09:55:53.985396
-146,-155,7652,-177,-505,-39,4758,10,09:55:54.025115
-148,-146,7656,-181,-505,-40,4768,10,09:55:54.064010
-149,-167,7643,-183,-507,-37,4778,10,09:55:54.114911
-149,-163,7645,-180,-507,-38,4788,10,09:55:54.145184
-145,-155,7651,-177,-505,-37,4798,10,09:55:54.184760
-159,-167,7648,-182,-511,-35,4808,10,09:55:54.224646
-159,-175,7649,-179,-504,-36,4818,10,09:55:54.264846
-154,-159,7648,-177,-507,-39,4828,10,09:55:54.304637
-162,-157,7649,-179,-505,-37,4838,10,09:55:54.344636
-141,-155,7642,-190,-512,-38,4848,10,09:55:54.384507
-145,-152,7655,-190,-505,-41,4858,10,09:55:54.431504
-144,-153,7657,-180,-506,-37,4868,10,09:55:54.464663
-138,-160,7643,-180,-509,-35,4878,10,09:55:54.504637
-150,-166,7643,-177,-507,-41,4888,10,09:55:54.544649
-152,-148,7645,-182,-502,-37,4898,10,09:55:54.594161
-151,-165,7646,-186,-500,-37,4908,10,09:55:54.624666
-153,-154,7645,-172,-505,-38,4918,10,09:55:54.664087
-151,-166,7647,-183,-504,-38,4928,10,09:55:54.721575
-161,-158,7648,-171,-502,-32,4938,10,09:55:54.744657
-152,-165,7650,-174,-507,-37,4948,10,09:55:54.784597
-151,-152,7646,-184,-511,-39,4958,10,09:55:54.824609
-152,-158,7643,-175,-505,-45,4968,10,09:55:54.864504
-149,-162,7657,-182,-512,-34,4978,10,09:55:54.904747
-148,-163,7654,-175,-502,-36,4988,10,09:55:54.944646
-151,-153,7655,-179,-503,-35,4998,10,09:55:54.985229
-149,-168,7656,-176,-506,-38,5008,10,09:55:55.024062
-147,-160,7653,-169,-504,-37,5018,10,09:55:55.064595
-140,-156,7645,-179,-500,-32,5028,10,09:55:55.104634
-164,-171,7652,-178,-508,-36,5038,10,09:55:55.147633
-150,-169,7654,-175,-500,-36,5048,10,09:55:55.194509
-156,-165,7651,-181,-504,-34,5058,10,09:55:55.224409
-147,-168,7642,-182,-504,-35,5068,10,09:55:55.264817
-153,-160,7645,-187,-504,-32,5078,10,09:55:55.314791
-156,-149,7652,-183,-511,-34,5088,10,09:55:55.344838
-156,-165,7646,-189,-504,-36,5098,10,09:55:55.384732
-153,-166,7641,-183,-510,-33,5108,10,09:55:55.423974
-156,-164,7643,-178,-500,-36,5118,10,09:55:55.464592
-151,-163,7651,-186,-506,-39,5128,10,09:55:55.504483
-156,-161,7644,-177,-504,-34,5138,10,09:55:55.544495
-144,-149,7652,-187,-508,-36,5148,10,09:55:55.591126
-151,-165,7656,-180,-503,-33,5158,10,09:55:55.624551
-143,-169,7649,-174,-505,-34,5168,10,09:55:55.664575
-160,-166,7644,-179,-512,-38,5178,10,09:55:55.704876
-149,-157,7644,-190,-509,-35,5188,10,09:55:55.744643
-133,-149,7653,-181,-502,-36,5198,10,09:55:55.794653
-139,-169,7644,-183,-507,-39,5208,10,09:55:55.824594
-144,-174,7646,-185,-509,-36,5218,10,09:55:55.864577
-146,-159,7656,-174,-505,-35,5228,10,09:55:55.904468
-154,-165,7651,-182,-506,-38,5238,10,09:55:55.944516
-151,-160,7644,-187,-509,-39,5248,10,09:55:55.984503
-148,-160,7648,-181,-512,-39,5258,10,09:55:56.024597
-163,-161,7653,-174,-505,-35,5268,10,09:55:56.075216
-147,-163,7634,-184,-504,-37,5278,10,09:55:56.104595
-161,-169,7646,-180,-510,-36,5288,10,09:55:56.147448
-157,-163,7654,-181,-506,-33,5298,10,09:55:56.184604
-140,-168,7644,-187,-506,-36,5308,10,09:55:56.224612
-153,-171,7642,-186,-511,-41,5318,10,09:55:56.264634
-154,-159,7645,-186,-504,-38,5328,10,09:55:56.304387
-152,-161,7651,-179,-508,-39,5338,10,09:55:56.344662
-146,-164,7640,-181,-502,-39,5348,10,09:55:56.385349
-157,-149,7629,-182,-504,-32,5358,10,09:55:56.424571
-160,-166,7650,-184,-506,-37,5368,10,09:55:56.464463
-159,-157,7646,-179,-505,-33,5378,10,09:55:56.505354
-154,-158,7656,-173,-501,-32,5388,10,09:55:56.564196
-153,-160,7645,-181,-503,-42,5398,10,09:55:56.585140
-164,-164,7651,-182,-506,-37,5408,10,09:55:56.625033
-154,-165,7644,-186,-513,-35,5418,10,09:55:56.675004
-152,-164,7648,-185,-506,-35,5428,10,09:55:56.704556
-152,-160,7638,-181,-506,-33,5438,10,09:55:56.744379
-152,-172,7643,-183,-505,-32,5448,10,09:55:56.785088
-131,-165,7648,-180,-506,-36,5458,10,09:55:56.824567
-150,-158,7645,-176,-503,-39,5468,10,09:55:56.864636
-151,-164,7655,-179,-504,-38,5478,10,09:55:56.904639
-151,-178,7644,-175,-506,-36,5488,10,09:55:56.944497
-141,-174,7647,-179,-503,-37,5498,10,09:55:56.984629
-156,-160,7642,-182,-504,-36,5508,10,09:55:57.034848
-154,-164,7652,-173,-501,-38,5518,10,09:55:57.064241
-149,-166,7649,-182,-503,-31,5528,10,09:55:57.105114
-149,-162,7645,-182,-504,-37,5538,10,09:55:57.146784
-152,-168,7642,-178,-501,-33,5548,10,09:55:57.185145
-159,-171,7651,-188,-507,-34,5558,10,09:55:57.234973
-157,-162,7638,-176,-503,-35,5568,10,09:55:57.264613
-156,-164,7642,-182,-505,-33,5578,10,09:55:57.304844
-149,-164,7642,-180,-505,-35,5588,10,09:55:57.344455
-159,-167,7639,-185,-504,-40,5598,10,09:55:57.384642
-164,-164,7642,-183,-506,-33,5608,10,09:55:57.424598
-159,-163,7663,-177,-506,-39,5618,10,09:55:57.464639
-151,-162,7641,-183,-505,-38,5628,10,09:55:57.504592
-157,-169,7646,-181,-505,-37,5638,10,09:55:57.545147
-154,-159,7650,-182,-501,-40,5648,10,09:55:57.584683
-146,-177,7654,-180,-510,-37,5658,10,09:55:57.624585
-140,-162,7642,-172,-499,-37,5668,10,09:55:57.664650
-140,-165,7646,-179,-505,-34,5678,10,09:55:57.704646
-153,-152,7655,-179,-505,-34,5688,10,09:55:57.755364
-150,-156,7646,-186,-507,-39,5698,10,09:55:57.784623
-138,-170,7649,-181,-508,-30,5708,10,09:55:57.824573
-146,-156,7656,-183,-503,-36,5718,10,09:55:57.864467
-154,-160,7652,-185,-508,-33,5728,10,09:55:57.904656
-152,-168,7651,-178,-502,-39,5738,10,09:55:57.944647
-148,-157,7644,-180,-507,-32,5748,10,09:55:57.984645
-157,-158,7642,-179,-505,-33,5758,10,09:55:58.024652
-161,-169,7646,-180,-508,-37,5768,10,09:55:58.064562
-152,-174,7641,-183,-505,-40,5778,10,09:55:58.104611
-163,-160,7644,-171,-500,-38,5788,10,09:55:58.155023
-160,-155,7654,-180,-501,-41,5798,10,09:55:58.184624
-152,-165,7638,-183,-505,-37,5808,10,09:55:58.234862
-157,-163,7652,-181,-502,-34,5818,10,09:55:58.264615
-152,-167,7644,-182,-508,-35,5828,10,09:55:58.303920
-156,-162,7655,-172,-502,-32,5838,10,09:55:58.344617
-149,-161,7634,-182,-509,-35,5848,10,09:55:58.384652
-153,-158,7641,-184,-506,-36,5858,10,09:55:58.424626
-156,-163,7653,-177,-504,-34,5868,10,09:55:58.464646
-148,-168,7640,-192,-503,-40,5878,10,09:55:58.504693
-144,-160,7644,-185,-506,-35,5888,10,09:55:58.544637
-165,-165,7640,-189,-505,-41,5898,10,09:55:58.584664
-171,-160,7652,-185,-500,-36,5908,10,09:55:58.624675
-151,-161,7634,-187,-503,-41,5918,10,09:55:58.664789
-151,-153,7641,-179,-509,-34,5928,10,09:55:58.714699
-152,-163,7635,-179,-506,-34,5938,10,09:55:58.744621
-166,-171,7662,-187,-505,-37,5948,10,09:55:58.784523
-138,-161,7643,-181,-503,-34,5958,10,09:55:58.824407
-156,-178,7651,-183,-508,-44,5968,10,09:55:58.864052
-153,-166,7651,-185,-506,-32,5978,10,09:55:58.904613
-143,-152,7645,-179,-503,-33,5988,10,09:55:58.944638
-146,-147,7646,-178,-500,-34,5998,10,09:55:58.984610
-148,-164,7648,-180,-508,-39,6008,10,09:55:59.024513
-149,-165,7642,-184,-508,-31,6018,10,09:55:59.064615
-162,-148,7627,-182,-506,-38,6028,10,09:55:59.104602
-163,-157,7644,-181,-505,-38,6038,10,09:55:59.147262
-156,-152,7648,-181,-507,-34,6048,10,09:55:59.184504
-136,-161,7648,-183,-506,-39,6058,10,09:55:59.224659
-146,-177,7642,-188,-510,-32,6068,10,09:55:59.264402
-160,-162,7648,-177,-506,-33,6078,10,09:55:59.304601
-155,-164,7649,-175,-506,-37,6088,10,09:55:59.344202
-150,-156,7649,-182,-506,-37,6098,10,09:55:59.384845
-145,-163,7653,-177,-504,-34,6108,10,09:55:59.424644
-159,-164,7624,-181,-504,-32,6118,10,09:55:59.464049
-149,-142,7649,-188,-510,-32,6128,10,09:55:59.515134
-155,-182,7652,-179,-503,-36,6138,10,09:55:59.544629
-159,-155,7648,-175,-503,-37,6148,10,09:55:59.584644
-142,-158,7652,-177,-503,-40,6158,10,09:55:59.634868
-145,-156,7649,-181,-505,-38,6168,10,09:55:59.664572
-160,-158,7649,-184,-510,-36,6178,10,09:55:59.704613
-166,-159,7645,-181,-503,-37,6188,10,09:55:59.744404
-147,-151,7640,-181,-506,-35,6198,10,09:55:59.784584
-147,-172,7648,-184,-506,-37,6208,10,09:55:59.824613
-147,-159,7651,-188,-509,-36,6218,10,09:55:59.864594
-156,-158,7652,-176,-500,-36,6228,10,09:55:59.904252
-151,-160,7653,-180,-511,-40,6238,10,09:55:59.944422
-146,-162,7645,-176,-505,-38,6248,10,09:55:59.995789
-139,-150,7652,-175,-506,-39,6258,10,09:56:00.024468
-154,-155,7654,-180,-513,-35,6268,10,09:56:00.064422
-142,-161,7643,-176,-503,-36,6278,10,09:56:00.105008
-160,-172,7646,-184,-510,-31,6288,10,09:56:00.146817
-155,-164,7655,-179,-502,-42,6298,10,09:56:00.184609
-149,-168,7654,-181,-510,-39,6308,10,09:56:00.224745
-142,-153,7645,-183,-508,-36,6318,10,09:56:00.264591
-149,-160,7655,-177,-507,-34,6328,10,09:56:00.304798
-150,-164,7654,-179,-504,-40,6338,10,09:56:00.344586
-145,-169,7645,-178,-506,-34,6348,10,09:56:00.384606
-153,-156,7643,-175,-500,-41,6358,10,09:56:00.424570
-152,-164,7645,-189,-509,-40,6368,10,09:56:00.464540
-153,-156,7654,-180,-501,-38,6378,10,09:56:00.515270
-152,-163,7657,-181,-506,-38,6388,10,09:56:00.544603
-149,-164,7647,-181,-504,-36,6398,10,09:56:00.584806
-147,-159,7654,-175,-505,-40,6408,10,09:56:00.624613
-155,-152,7648,-183,-510,-36,6418,10,09:56:00.664113
-144,-157,7649,-185,-505,-40,6428,10,09:56:00.704583
-136,-165,7648,-184,-510,-40,6438,10,09:56:00.744791
-150,-161,7652,-187,-505,-39,6448,10,09:56:00.784587
-145,-160,7640,-190,-510,-37,6458,10,09:56:00.824592
-146,-159,7645,-182,-507,-35,6468,10,09:56:00.864487
-154,-159,7662,-179,-507,-29,6478,10,09:56:00.904595
-160,-156,7641,-184,-506,-41,6488,10,09:56:00.944997
-147,-156,7646,-186,-508,-37,6498,10,09:56:00.984890
-153,-156,7646,-181,-508,-37,6508,10,09:56:01.024781
-150,-158,7644,-183,-508,-35,6518,10,09:56:01.064157
-151,-166,7640,-177,-505,-34,6528,10,09:56:01.114551
-144,-158,7631,-179,-508,-38,6538,10,09:56:01.147290
-158,-150,7655,-184,-507,-37,6548,10,09:56:01.184620
-141,-148,7653,-184,-506,-37,6558,10,09:56:01.225004
-140,-161,7649,-186,-505,-39,6568,10,09:56:01.264091
-149,-174,7646,-174,-501,-38,6578,10,09:56:01.305067
-151,-156,7658,-177,-505,-37,6588,10,09:56:01.344484
-154,-153,7642,-183,-508,-39,6598,10,09:56:01.384834
-155,-163,7644,-184,-505,-34,6608,10,09:56:01.425183
-152,-152,7648,-183,-506,-38,6618,10,09:56:01.464826
-135,-159,7656,-182,-507,-36,6628,10,09:56:01.505163
-151,-153,7638,-184,-510,-35,6638,10,09:56:01.544289
-154,-157,7649,-182,-505,-40,6648,10,09:56:01.584865
-160,-166,7647,-182,-507,-32,6658,10,09:56:01.624999
-154,-157,7646,-183,-503,-35,6668,10,09:56:01.664844
-146,-153,7642,-179,-506,-40,6678,10,09:56:01.704646
-144,-162,7653,-189,-501,-30,6688,10,09:56:01.744882
-141,-165,7647,-184,-501,-39,6698,10,09:56:01.784921
-150,-156,7640,-180,-508,-36,6708,10,09:56:01.825315
-155,-163,7639,-177,-510,-33,6718,10,09:56:01.864952
-137,-164,7663,-174,-501,-36,6728,10,09:56:01.904995
-138,-161,7653,-178,-507,-37,6738,10,09:56:01.944854
-157,-157,7648,-178,-504,-37,6748,10,09:56:01.984848
-147,-141,7653,-186,-506,-40,6758,10,09:56:02.025477
-146,-160,7644,-184,-511,-37,6768,10,09:56:02.065778
-151,-163,7640,-183,-504,-34,6778,10,09:56:02.104163
-155,-157,7640,-177,-503,-39,6788,10,09:56:02.147143
-160,-153,7637,-174,-507,-35,6798,10,09:56:02.194973
-161,-166,7655,-184,-507,-37,6808,10,09:56:02.225641
-152,-170,7647,-182,-506,-35,6818,10,09:56:02.264897
-154,-160,7651,-179,-503,-36,6828,10,09:56:02.304288
-152,-170,7658,-181,-507,-42,6838,10,09:56:02.345060
-143,-161,7637,-178,-504,-34,6848,10,09:56:02.384845
-147,-157,7642,-176,-502,-35,6858,10,09:56:02.424454
-145,-160,7652,-178,-502,-41,6868,10,09:56:02.465159
-156,-166,7647,-183,-504,-36,6878,10,09:56:02.505460
-152,-172,7638,-186,-502,-38,6888,10,09:56:02.544761
-148,-157,7657,-170,-507,-34,6898,10,09:56:02.594888
-161,-177,7644,-182,-502,-38,6908,10,09:56:02.634891
-147,-165,7641,-185,-508,-42,6918,10,09:56:02.664475
-149,-168,7639,-186,-509,-37,6928,10,09:56:02.704951
-146,-170,7642,-188,-505,-29,6938,10,09:56:02.744294
-157,-163,7650,-179,-498,-41,6948,10,09:56:02.784858
-156,-160,7649,-182,-507,-42,6958,10,09:56:02.825029
-159,-173,7646,-180,-503,-35,6968,10,09:56:02.875128
-162,-148,7641,-180,-504,-37,6978,10,09:56:02.905301
-145,-168,7640,-183,-501,-31,6988,10,09:56:02.945673
-151,-159,7622,-181,-503,-35,6998,10,09:56:02.984869
-155,-160,7629,-181,-504,-39,7008,10,09:56:03.025091
-148,-159,7630,-187,-508,-41,7018,10,09:56:03.065219
-152,-155,7650,-182,-508,-33,7028,10,09:56:03.104138
-162,-173,7645,-177,-505,-37,7038,10,09:56:03.147039
-158,-163,7647,-181,-504,-37,7048,10,09:56:03.184195
-148,-157,7645,-177,-502,-32,7058,10,09:56:03.225083
-155,-164,7653,-178,-501,-36,7068,10,09:56:03.264982
-164,-164,7646,-180,-504,-35,7078,10,09:56:03.305426
-147,-168,7648,-181,-506,-37,7088,10,09:56:03.344337
-145,-161,7633,-185,-507,-37,7098,10,09:56:03.384888
-156,-162,7645,-186,-506,-39,7108,10,09:56:03.424324
-151,-163,7656,-184,-507,-39,7118,10,09:56:03.464317
-151,-155,7649,-179,-507,-34,7128,10,09:56:03.504235
-145,-168,7655,-182,-508,-33,7138,10,09:56:03.551839
-155,-159,7650,-178,-508,-34,7148,10,09:56:03.584766
-160,-163,7657,-181,-504,-36,7158,10,09:56:03.624839
-151,-170,7646,-190,-507,-37,7168,10,09:56:03.664540
-148,-169,7651,-179,-507,-35,7178,10,09:56:03.705576
-154,-167,7643,-179,-502,-32,7188,10,09:56:03.745073
-146,-165,7650,-178,-505,-36,7198,10,09:56:03.784849
-150,-159,7647,-177,-502,-38,7208,10,09:56:03.824815
-157,-167,7636,-181,-509,-42,7218,10,09:56:03.864195
-151,-161,7644,-181,-504,-38,7228,10,09:56:03.905166
-152,-165,7641,-183,-509,-40,7238,10,09:56:03.944458
-144,-154,7636,-183,-505,-40,7248,10,09:56:03.984794
-154,-153,7640,-187,-504,-33,7258,10,09:56:04.024597
-157,-156,7645,-185,-509,-36,7268,10,09:56:04.075264
-149,-161,7652,-183,-508,-37,7278,10,09:56:04.104148
-142,-161,7640,-190,-511,-38,7288,10,09:56:04.154318
-157,-168,7655,-184,-504,-34,7298,10,09:56:04.184590
-163,-172,7652,-176,-503,-35,7308,10,09:56:04.224306
-151,-161,7645,-185,-505,-36,7318,10,09:56:04.265507
-151,-162,7649,-185,-513,-36,7328,10,09:56:04.305178
-171,-159,7649,-183,-500,-33,7338,10,09:56:04.344279
-146,-168,7644,-189,-503,-34,7348,10,09:56:04.384990
-142,-174,7649,-184,-504,-35,7358,10,09:56:04.424450
-157,-162,7665,-186,-507,-37,7368,10,09:56:04.465277
-143,-172,7644,-180,-508,-42,7378,10,09:56:04.504229
-145,-149,7637,-181,-507,-37,7388,10,09:56:04.544480
-147,-153,7644,-176,-504,-38,7398,10,09:56:04.585857
-151,-164,7651,-183,-510,-39,7408,10,09:56:04.625113
-156,-168,7652,-181,-504,-39,7418,10,09:56:04.664359
-145,-143,7640,-183,-503,-34,7428,10,09:56:04.705213
-141,-162,7652,-176,-506,-36,7438,10,09:56:04.744232
-142,-160,7654,-177,-497,-40,7448,10,09:56:04.785390
-149,-166,7644,-184,-506,-36,7458,10,09:56:04.824296
-141,-150,7656,-188,-512,-41,7468,10,09:56:04.864888
-143,-167,7647,-178,-509,-37,7478,10,09:56:04.905687
-140,-154,7643,-186,-505,-34,7488,10,09:56:04.944297
-149,-161,7639,-177,-499,-36,7498,10,09:56:04.984828
-155,-152,7656,-181,-504,-39,7508,10,09:56:05.025114
-167,-167,7657,-181,-500,-37,7518,10,09:56:05.064717
-150,-166,7639,-179,-500,-35,7528,10,09:56:05.104898
-152,-168,7640,-188,-507,-37,7538,10,09:56:05.158191
-155,-162,7655,-181,-502,-38,7548,10,09:56:05.195143
-150,-169,7649,-180,-500,-37,7558,10,09:56:05.225379
-154,-168,7643,-185,-509,-36,7568,10,09:56:05.264561
-153,-156,7647,-187,-509,-41,7578,10,09:56:05.314960
-155,-167,7652,-176,-504,-42,7588,10,09:56:05.344229
-157,-162,7644,-182,-506,-40,7598,10,09:56:05.384992
-151,-173,7645,-181,-509,-38,7608,10,09:56:05.435558
-159,-169,7649,-188,-506,-40,7618,10,09:56:05.464481
-152,-164,7647,-182,-508,-36,7628,10,09:56:05.530302
-142,-158,7647,-178,-508,-38,7638,10,09:56:05.555235
-148,-168,7642,-180,-505,-35,7648,10,09:56:05.585155
-155,-170,7650,-182,-502,-35,7658,10,09:56:05.624760
-154,-162,7638,-180,-500,-39,7668,10,09:56:05.665103
-141,-152,7631,-177,-506,-35,7678,10,09:56:05.704826
-156,-172,7644,-179,-503,-38,7688,10,09:56:05.745129
-153,-161,7647,-188,-507,-39,7698,10,09:56:05.784549
-147,-166,7643,-178,-504,-37,7708,10,09:56:05.824291
-153,-170,7637,-183,-508,-35,7718,10,09:56:05.864612
-144,-163,7642,-181,-503,-38,7728,10,09:56:05.904920
-153,-164,7639,-180,-504,-38,7738,10,09:56:05.944299
-144,-153,7646,-183,-504,-36,7748,10,09:56:05.985286
-147,-162,7651,-182,-506,-36,7758,10,09:56:06.024554
-146,-172,7644,-167,-501,-35,7768,10,09:56:06.064757
-155,-167,7639,-185,-497,-41,7778,10,09:56:06.114825
-150,-159,7646,-186,-509,-35,7788,10,09:56:06.146023
-144,-165,7650,-174,-500,-39,7798,10,09:56:06.184359
-153,-164,7647,-179,-500,-38,7808,10,09:56:06.224769
-156,-156,7645,-186,-511,-35,7818,10,09:56:06.264520
-164,-168,7646,-183,-507,-34,7828,10,09:56:06.305283
-139,-156,7649,-179,-510,-36,7838,10,09:56:06.344293
-155,-172,7635,-179,-506,-42,7848,10,09:56:06.385286
-162,-168,7637,-179,-509,-37,7858,10,09:56:06.424556
-160,-162,7636,-180,-506,-39,7868,10,09:56:06.465322
-150,-168,7647,-184,-506,-34,7878,10,09:56:06.504607
-149,-161,7642,-182,-511,-39,7888,10,09:56:06.544983
-147,-146,7647,-183,-508,-33,7898,10,09:56:06.595014
-141,-161,7649,-182,-503,-42,7908,10,09:56:06.635404
-151,-175,7638,-175,-508,-39,7918,10,09:56:06.664603
-148,-174,7644,-181,-504,-35,7928,10,09:56:06.704790
-145,-163,7647,-185,-504,-36,7938,10,09:56:06.744504
-157,-158,7653,-174,-504,-37,7948,10,09:56:06.784628
-146,-169,7645,-180,-508,-38,7958,10,09:56:06.825160
-142,-166,7651,-182,-502,-38,7968,10,09:56:06.864793
-156,-162,7645,-182,-508,-35,7978,10,09:56:06.913978
-147,-170,7636,-179,-503,-37,7988,10,09:56:06.944474
-157,-176,7640,-185,-509,-40,7998,10,09:56:06.984780
-154,-164,7648,-177,-504,-40,8008,10,09:56:07.025122
-151,-158,7651,-187,-507,-40,8018,10,09:56:07.065611
-149,-156,7660,-202,-502,-38,8028,10,09:56:07.105334
-152,-162,7646,-193,-500,-36,8038,10,09:56:07.146415
-150,-162,7649,-193,-499,-42,8048,10,09:56:07.184280
-152,-168,7663,-190,-505,-34,8058,10,09:56:07.224229
-161,-163,7640,-175,-509,-36,8068,10,09:56:07.264567
-145,-163,7649,-184,-506,-36,8078,10,09:56:07.305069
-148,-157,7651,-183,-500,-33,8088,10,09:56:07.344560
-159,-165,7637,-179,-498,-37,8098,10,09:56:07.384857
-152,-152,7647,-181,-504,-29,8108,10,09:56:07.425281
-140,-163,7653,-182,-506,-35,8118,10,09:56:07.464156
-150,-170,7644,-178,-506,-40,8128,10,09:56:07.505305
-145,-166,7654,-184,-507,-36,8138,10,09:56:07.545083
-152,-161,7643,-185,-505,-36,8148,10,09:56:07.584891
-155,-169,7652,-175,-500,-34,8158,10,09:56:07.624494
-157,-152,7642,-174,-503,-33,8168,10,09:56:07.664851
-150,-153,7647,-182,-507,-39,8178,10,09:56:07.705256
-155,-165,7660,-183,-506,-34,8188,10,09:56:07.754762
-150,-165,7651,-188,-510,-41,8198,10,09:56:07.795205
-152,-163,7631,-175,-503,-43,8208,10,09:56:07.824652
-145,-158,7651,-179,-504,-39,8218,10,09:56:07.864577
-152,-158,7651,-183,-506,-36,8228,10,09:56:07.904503
-149,-157,7634,-187,-506,-35,8238,10,09:56:07.944901
-154,-167,7643,-181,-509,-36,8248,10,09:56:07.984711
-156,-176,7638,-185,-503,-38,8258,10,09:56:08.024702
-150,-171,7636,-183,-504,-39,8268,10,09:56:08.064955
-139,-169,7645,-182,-507,-39,8278,10,09:56:08.105100
-161,-163,7653,-189,-509,-37,8288,10,09:56:08.147872
-170,-161,7652,-180,-503,-32,8298,10,09:56:08.184909
-166,-173,7657,-179,-499,-35,8308,10,09:56:08.224983
-149,-167,7648,-191,-506,-35,8318,10,09:56:08.264289
-149,-175,7653,-173,-506,-42,8328,10,09:56:08.309343
-140,-164,7649,-174,-507,-35,8338,10,09:56:08.344748
-157,-173,7639,-174,-505,-43,8348,10,09:56:08.384574
-153,-171,7631,-174,-507,-38,8358,10,09:56:08.425021
-148,-177,7638,-183,-508,-37,8368,10,09:56:08.464583
-169,-164,7644,-178,-500,-37,8378,10,09:56:08.504855
-146,-170,7654,-184,-504,-35,8388,10,09:56:08.544305
-150,-167,7649,-180,-506,-36,8398,10,09:56:08.594840
-164,-159,7653,-187,-513,-37,8408,10,09:56:08.634829
-148,-167,7635,-179,-506,-35,8418,10,09:56:08.664875
-148,-150,7647,-179,-505,-43,8428,10,09:56:08.704398
-143,-155,7649,-181,-508,-36,8438,10,09:56:08.744343
-150,-170,7643,-183,-512,-39,8448,10,09:56:08.794840
-141,-161,7648,-183,-509,-33,8458,10,09:56:08.824567
-156,-169,7650,-191,-511,-37,8468,10,09:56:08.864139
-146,-170,7644,-182,-503,-41,8478,10,09:56:08.904340
-152,-162,7642,-185,-506,-36,8488,10,09:56:08.944422
-161,-162,7647,-178,-503,-36,8498,10,09:56:08.984591
-160,-169,7642,-180,-504,-37,8508,10,09:56:09.024608
-147,-161,7641,-174,-502,-38,8518,10,09:56:09.065465
-152,-166,7647,-187,-505,-43,8528,10,09:56:09.115129
-158,-171,7646,-187,-507,-36,8538,10,09:56:09.155694
-159,-169,7633,-181,-503,-38,8548,10,09:56:09.194980
-155,-167,7647,-175,-508,-36,8558,10,09:56:09.225017
-154,-178,7635,-177,-504,-37,8568,10,09:56:09.264442
-153,-169,7646,-176,-509,-35,8578,10,09:56:09.304454
-157,-163,7651,-180,-508,-39,8588,10,09:56:09.344179
-161,-169,7654,-177,-503,-39,8598,10,09:56:09.384859
-155,-172,7651,-180,-500,-32,8608,10,09:56:09.425029
-147,-158,7653,-178,-504,-38,8618,10,09:56:09.464174
-157,-167,7661,-183,-502,-32,8628,10,09:56:09.504413
-156,-176,7646,-183,-505,-39,8638,10,09:56:09.544139
-162,-174,7646,-183,-497,-40,8648,10,09:56:09.594829
-167,-167,7641,-171,-504,-35,8658,10,09:56:09.625273
-157,-177,7645,-187,-509,-38,8668,10,09:56:09.664297
-157,-161,7650,-184,-509,-35,8678,10,09:56:09.704600
-154,-165,7655,-183,-509,-40,8688,10,09:56:09.744476
-155,-174,7647,-176,-502,-32,8698,10,09:56:09.774219
-148,-164,7642,-189,-508,-39,8708,10,09:56:09.814840
-150,-168,7655,-176,-503,-35,8718,10,09:56:09.854792
-152,-160,7652,-182,-509,-36,8728,10,09:56:09.894590
-150,-169,7660,-184,-504,-38,8738,10,09:56:09.934729
-153,-159,7644,-181,-510,-34,8748,10,09:56:09.974072
-158,-158,7648,-179,-508,-32,8758,10,09:56:10.013964
-153,-158,7658,-180,-507,-37,8768,10,09:56:10.054872
-146,-175,7649,-182,-507,-41,8778,10,09:56:10.094644
-148,-163,7650,-181,-505,-37,8788,10,09:56:10.137561
-145,-145,7646,-184,-514,-39,8798,10,09:56:10.174468
-158,-171,7644,-185,-508,-40,8808,10,09:56:10.214857
-152,-167,7639,-188,-503,-39,8818,10,09:56:10.255160
-153,-168,7640,-190,-507,-38,8828,10,09:56:10.294568
-158,-163,7648,-180,-505,-35,8838,10,09:56:10.334553
-166,-157,7649,-177,-503,-38,8848,10,09:56:10.374575
-159,-168,7644,-182,-506,-34,8858,10,09:56:10.414970
-157,-151,7645,-181,-507,-33,8868,10,09:56:10.454546
-154,-151,7651,-177,-507,-36,8878,10,09:56:10.494554
-137,-163,7645,-183,-507,-33,8888,10,09:56:10.534610
-153,-162,7640,-175,-505,-35,8898,10,09:56:10.574620
-155,-159,7650,-186,-507,-37,8908,10,09:56:10.614885
-140,-165,7643,-186,-505,-38,8918,10,09:56:10.654552
-154,-167,7648,-181,-508,-40,8928,10,09:56:10.694848
-145,-164,7647,-180,-508,-37,8938,10,09:56:10.734561
-153,-168,7642,-180,-507,-36,8948,10,09:56:10.774566
-154,-176,7640,-180,-509,-36,8958,10,09:56:10.814396
-151,-164,7644,-183,-508,-38,8968,10,09:56:10.854575
-149,-169,7645,-186,-509,-41,8978,10,09:56:10.894550
-153,-157,7645,-191,-505,-35,8988,10,09:56:10.934582
-154,-169,7641,-185,-505,-39,8998,10,09:56:10.974573
-156,-171,7645,-178,-503,-36,9008,10,09:56:11.014253
-149,-164,7649,-178,-507,-33,9018,10,09:56:11.054198
-142,-159,7640,-178,-507,-36,9028,10,09:56:11.094601
-154,-164,7635,-185,-505,-37,9038,10,09:56:11.137054
-146,-163,7644,-176,-501,-38,9048,10,09:56:11.174589
-154,-162,7647,-178,-503,-38,9058,10,09:56:11.214559
-157,-156,7640,-189,-505,-37,9068,10,09:56:11.254596
-151,-151,7658,-186,-507,-41,9078,10,09:56:11.294572
-144,-163,7651,-184,-503,-37,9088,10,09:56:11.341240
-156,-173,7653,-184,-505,-33,9098,10,09:56:11.374591
-146,-162,7640,-181,-504,-38,9108,10,09:56:11.414593
-165,-168,7645,-186,-512,-34,9118,10,09:56:11.454562
-157,-162,7660,-179,-509,-34,9128,10,09:56:11.494201
-142,-168,7639,-185,-506,-35,9138,10,09:56:11.534558
-153,-165,7646,-184,-510,-37,9148,10,09:56:11.574368
-153,-163,7641,-185,-505,-33,9158,10,09:56:11.625324
-148,-167,7649,-187,-505,-36,9168,10,09:56:11.655496
-158,-167,7650,-178,-503,-33,9178,10,09:56:11.694554
-165,-159,7646,-181,-503,-38,9188,10,09:56:11.734561
-147,-172,7656,-187,-507,-34,9198,10,09:56:11.774484
-151,-179,7648,-185,-506,-35,9208,10,09:56:11.814614
-151,-169,7641,-184,-507,-30,9218,10,09:56:11.854593
-154,-163,7655,-179,-504,-35,9228,10,09:56:11.894906
-152,-166,7657,-186,-509,-43,9238,10,09:56:11.934564
-151,-171,7646,-186,-506,-37,9248,10,09:56:11.974587
-150,-157,7654,-185,-509,-38,9258,10,09:56:12.024133
-148,-154,7647,-181,-504,-33,9268,10,09:56:12.054501
-148,-166,7626,-186,-505,-37,9278,10,09:56:12.094584
-143,-179,7649,-183,-508,-38,9288,10,09:56:12.136981
-150,-172,7649,-181,-505,-38,9298,10,09:56:12.175034
-152,-158,7642,-187,-503,-33,9308,10,09:56:12.214423
-152,-164,7649,-177,-506,-35,9318,10,09:56:12.254320
-157,-169,7654,-186,-507,-41,9328,10,09:56:12.294209
-161,-177,7649,-176,-507,-39,9338,10,09:56:12.334484
-156,-174,7643,-179,-507,-36,9348,10,09:56:12.374376
-148,-170,7639,-180,-506,-38,9358,10,09:56:12.414343
-152,-169,7645,-179,-506,-41,9368,10,09:56:12.454578
-153,-147,7644,-170,-502,-40,9378,10,09:56:12.494547
-157,-164,7640,-183,-506,-35,9388,10,09:56:12.534557
-145,-166,7648,-181,-500,-39,9398,10,09:56:12.574543
-156,-159,7655,-179,-507,-39,9408,10,09:56:12.614570
-155,-176,7640,-178,-505,-37,9418,10,09:56:12.664281
-155,-177,7631,-183,-509,-37,9428,10,09:56:12.694590
-150,-166,7643,-180,-507,-35,9438,10,09:56:12.734543
-155,-172,7650,-181,-505,-38,9448,10,09:56:12.774537
-158,-174,7640,-178,-507,-37,9458,10,09:56:12.814849
-146,-163,7650,-185,-505,-39,9468,10,09:56:12.854580
-156,-155,7647,-180,-511,-44,9478,10,09:56:12.894565
-159,-163,7640,-179,-500,-36,9488,10,09:56:12.934564
-152,-155,7644,-175,-501,-38,9498,10,09:56:12.974581
-151,-155,7642,-183,-506,-37,9508,10,09:56:13.014568
-144,-166,7648,-188,-508,-34,9518,10,09:56:13.054597
-151,-162,7645,-176,-509,-37,9528,10,09:56:13.094566
-153,-160,7636,-180,-504,-35,9538,10,09:56:13.137122
-158,-164,7647,-178,-512,-34,9548,10,09:56:13.174613
-152,-167,7637,-190,-507,-41,9558,10,09:56:13.224932
-156,-169,7648,-181,-506,-35,9568,10,09:56:13.265282
-153,-159,7641,-176,-509,-37,9578,10,09:56:13.294597
-160,-162,7649,-186,-511,-35,9588,10,09:56:13.334260
-158,-163,7653,-182,-503,-35,9598,10,09:56:13.374442
-146,-164,7640,-187,-504,-38,9608,10,09:56:13.414620
-155,-163,7653,-181,-506,-38,9618,10,09:56:13.454603
-152,-169,7646,-184,-502,-41,9628,10,09:56:13.494598
-161,-177,7638,-179,-508,-40,9638,10,09:56:13.534619
-162,-169,7629,-182,-508,-38,9648,10,09:56:13.574599
-149,-164,7641,-174,-500,-40,9658,10,09:56:13.614439
-155,-173,7636,-187,-508,-35,9668,10,09:56:13.661444
-156,-165,7651,-179,-504,-40,9678,10,09:56:13.704992
-156,-164,7660,-184,-510,-40,9688,10,09:56:13.734612
-161,-185,7640,-174,-506,-36,9698,10,09:56:13.774595
-143,-162,7644,-187,-506,-37,9708,10,09:56:13.814712
-150,-161,7647,-183,-502,-39,9718,10,09:56:13.854609
-145,-163,7642,-176,-507,-35,9728,10,09:56:13.894452
-152,-164,7632,-189,-507,-44,9738,10,09:56:13.934606
-156,-175,7638,-187,-504,-41,9748,10,09:56:13.975630
-153,-165,7647,-174,-503,-32,9758,10,09:56:14.014526
-161,-174,7646,-186,-510,-39,9768,10,09:56:14.054621
-150,-168,7658,-190,-514,-40,9778,10,09:56:14.104853
-145,-162,7645,-184,-509,-38,9788,10,09:56:14.146965
-155,-166,7647,-188,-504,-38,9798,10,09:56:14.184585
-145,-158,7641,-184,-509,-34,9808,10,09:56:14.214619
-150,-167,7645,-186,-502,-41,9818,10,09:56:14.254430
-156,-162,7649,-186,-507,-37,9828,10,09:56:14.294624
-150,-166,7648,-180,-504,-37,9838,10,09:56:14.334718
-145,-169,7642,-188,-505,-39,9848,10,09:56:14.374570
-150,-175,7639,-179,-505,-37,9858,10,09:56:14.414176
-155,-168,7637,-179,-507,-33,9868,10,09:56:14.454345
-153,-167,7651,-179,-505,-36,9878,10,09:56:14.494239
-140,-172,7639,-185,-509,-32,9888,10,09:56:14.535129
-144,-157,7651,-178,-507,-38,9898,10,09:56:14.574519
-153,-160,7650,-186,-514,-36,9908,10,09:56:14.614684
-157,-162,7646,-174,-509,-39,9918,10,09:56:14.665191
-139,-159,7639,-185,-511,-37,9928,10,09:56:14.694599
-160,-168,7645,-187,-505,-37,9938,10,09:56:14.734583
-164,-169,7639,-183,-508,-38,9948,10,09:56:14.774613
-144,-173,7640,-188,-509,-34,9958,10,09:56:14.824460
-149,-161,7641,-183,-510,-36,9968,10,09:56:14.855517
-156,-166,7650,-184,-503,-41,9978,10,09:56:14.894577
-150,-164,7653,-175,-506,-37,9988,10,09:56:14.934855
-157,-176,7644,-186,-509,-33,9998,10,09:56:14.974576
-149,-166,7649,-178,-508,-37,10008,10,09:56:15.014599
-153,-171,7645,-182,-508,-35,10018,10,09:56:15.055217
-164,-162,7640,-188,-508,-41,10028,10,09:56:15.095155
-153,-172,7639,-186,-505,-34,10038,10,09:56:15.144095
-148,-167,7651,-184,-505,-38,10048,10,09:56:15.174595
-149,-169,7638,-177,-505,-37,10058,10,09:56:15.224468
-150,-184,7641,-176,-505,-38,10068,10,09:56:15.254559
-155,-171,7637,-185,-506,-36,10078,10,09:56:15.295346
-157,-170,7657,-179,-509,-37,10088,10,09:56:15.334602
-149,-167,7653,-186,-509,-35,10098,10,09:56:15.374584
-149,-158,7652,-186,-506,-36,10108,10,09:56:15.414603
-148,-172,7650,-186,-510,-37,10118,10,09:56:15.454143
-154,-173,7652,-180,-500,-31,10128,10,09:56:15.494614
-152,-166,7646,-178,-510,-39,10138,10,09:56:15.534614
-165,-162,7638,-182,-510,-37,10148,10,09:56:15.574616
-148,-175,7642,-182,-508,-39,10158,10,09:56:15.614575
-163,-160,7646,-183,-509,-37,10168,10,09:56:15.654601
-155,-170,7635,-183,-510,-35,10178,10,09:56:15.694563
-151,-172,7656,-184,-512,-35,10188,10,09:56:15.744996
-155,-179,7652,-185,-507,-41,10198,10,09:56:15.774579
-155,-173,7636,-185,-508,-39,10208,10,09:56:15.814516
-152,-170,7637,-183,-506,-35,10218,10,09:56:15.854593
-150,-164,7646,-186,-510,-36,10228,10,09:56:15.895004
-153,-161,7655,-185,-511,-33,10238,10,09:56:15.934570
-157,-165,7654,-183,-510,-37,10248,10,09:56:15.974595
-148,-161,7649,-180,-500,-35,10258,10,09:56:16.014580
-156,-176,7655,-181,-507,-33,10268,10,09:56:16.054560
-156,-167,7643,-181,-507,-37,10278,10,09:56:16.094563
-144,-175,7635,-189,-511,-36,10288,10,09:56:16.137011
-163,-160,7641,-180,-507,-37,10298,10,09:56:16.174102
-146,-165,7640,-185,-510,-39,10308,10,09:56:16.214086
-159,-168,7649,-185,-514,-36,10318,10,09:56:16.261094
-158,-165,7638,-181,-507,-39,10328,10,09:56:16.294563
-156,-161,7642,-176,-507,-39,10338,10,09:56:16.334503
-147,-186,7640,-186,-506,-37,10348,10,09:56:16.374606
-141,-169,7650,-176,-506,-38,10358,10,09:56:16.414668
-156,-167,7647,-180,-499,-39,10368,10,09:56:16.454562
-152,-162,7640,-178,-507,-36,10378,10,09:56:16.494563
-156,-159,7652,-183,-506,-34,10388,10,09:56:16.535072
-166,-167,7640,-181,-511,-39,10398,10,09:56:16.573968
-155,-167,7645,-187,-510,-38,10408,10,09:56:16.614545
-154,-166,7639,-186,-507,-38,10418,10,09:56:16.654536
-141,-153,7640,-181,-507,-37,10428,10,09:56:16.694474
-149,-167,7654,-182,-504,-35,10438,10,09:56:16.734644
-152,-172,7645,-183,-504,-38,10448,10,09:56:16.774540
-150,-161,7645,-188,-507,-38,10458,10,09:56:16.814859
-143,-161,7649,-183,-506,-41,10468,10,09:56:16.854490
-153,-160,7647,-185,-503,-39,10478,10,09:56:16.894789
-151,-167,7643,-187,-507,-36,10488,10,09:56:16.934575
-152,-165,7652,-173,-504,-36,10498,10,09:56:16.974590
-156,-159,7637,-182,-507,-31,10508,10,09:56:17.014509
-156,-164,7654,-186,-506,-34,10518,10,09:56:17.054513
-152,-163,7637,-188,-506,-36,10528,10,09:56:17.094533
-154,-149,7645,-180,-503,-38,10538,10,09:56:17.136954
-152,-159,7638,-177,-506,-38,10548,10,09:56:17.175024
-159,-169,7646,-178,-507,-37,10558,10,09:56:17.214518
-155,-163,7646,-179,-504,-35,10568,10,09:56:17.254507
-144,-161,7651,-185,-510,-40,10578,10,09:56:17.294523
-154,-174,7641,-192,-509,-37,10588,10,09:56:17.334557
-146,-158,7643,-181,-506,-37,10598,10,09:56:17.374444
-150,-167,7657,-186,-507,-38,10608,10,09:56:17.414517
-154,-159,7643,-180,-506,-38,10618,10,09:56:17.454562
-156,-162,7656,-183,-509,-40,10628,10,09:56:17.494547
-149,-162,7637,-184,-511,-34,10638,10,09:56:17.534576
-149,-174,7647,-189,-508,-39,10648,10,09:56:17.584670
-157,-166,7658,-184,-512,-35,10658,10,09:56:17.614431
-149,-157,7654,-183,-510,-33,10668,10,09:56:17.654584
-158,-165,7634,-177,-504,-37,10678,10,09:56:17.694524
-151,-156,7657,-185,-508,-36,10688,10,09:56:17.734597
-165,-168,7643,-182,-504,-34,10698,10,09:56:17.774566
-149,-174,7645,-188,-511,-38,10708,10,09:56:17.814559
-156,-164,7650,-188,-508,-39,10718,10,09:56:17.854526
-145,-156,7655,-183,-503,-36,10728,10,09:56:17.894612
-152,-176,7652,-186,-504,-35,10738,10,09:56:17.934448
-150,-170,7652,-181,-505,-36,10748,10,09:56:17.974559
-147,-170,7650,-185,-503,-35,10758,10,09:56:18.014670
-150,-160,7667,-182,-505,-34,10768,10,09:56:18.054575
-139,-172,7633,-188,-504,-39,10778,10,09:56:18.094536
-156,-175,7636,-184,-508,-38,10788,10,09:56:18.137104
-148,-165,7651,-177,-503,-36,10798,10,09:56:18.174999
-151,-172,7652,-181,-504,-39,10808,10,09:56:18.214580
-151,-165,7651,-193,-509,-38,10818,10,09:56:18.254559
-150,-163,7655,-178,-501,-35,10828,10,09:56:18.294555
-147,-169,7651,-175,-505,-37,10838,10,09:56:18.334424
-147,-161,7635,-184,-512,-34,10848,10,09:56:18.375152
-146,-157,7651,-191,-510,-41,10858,10,09:56:18.414136
-150,-176,7652,-182,-503,-36,10868,10,09:56:18.454597
-161,-166,7655,-177,-505,-33,10878,10,09:56:18.494901
-153,-157,7651,-170,-504,-37,10888,10,09:56:18.534832
-153,-156,7642,-181,-509,-34,10898,10,09:56:18.574555
-147,-159,7657,-175,-507,-34,10908,10,09:56:18.615305
-146,-169,7665,-179,-507,-35,10918,10,09:56:18.655275
-164,-171,7642,-177,-507,-34,10928,10,09:56:18.694558
-170,-168,7656,-181,-505,-37,10938,10,09:56:18.745079
-152,-169,7646,-181,-508,-35,10948,10,09:56:18.785361
-150,-166,7649,-189,-510,-43,10958,10,09:56:18.814432
-150,-169,7635,-174,-511,-34,10968,10,09:56:18.865614
-158,-169,7648,-183,-507,-37,10978,10,09:56:18.895138
-151,-172,7651,-177,-507,-37,10988,10,09:56:18.934891
-143,-163,7647,-189,-512,-39,10998,10,09:56:18.984876
-144,-165,7642,-182,-503,-35,11008,10,09:56:19.014795
-155,-177,7663,-187,-506,-39,11018,10,09:56:19.054720
-143,-169,7643,-183,-503,-39,11028,10,09:56:19.094260
-149,-167,7637,-185,-498,-38,11038,10,09:56:19.141998
-159,-174,7576,-174,-513,-36,11048,10,09:56:19.184553
-152,-132,7589,-184,-501,-35,11058,10,09:56:19.214450
-155,-165,7594,-184,-517,-35,11068,10,09:56:19.255163
-148,-131,7652,-175,-512,-34,11078,10,09:56:19.304504
-138,-176,7660,-182,-509,-38,11088,10,09:56:19.334824
-149,-155,7669,-183,-507,-39,11098,10,09:56:19.375264
-149,-173,7667,-186,-507,-34,11108,10,09:56:19.414800
-141,-158,7661,-181,-510,-37,11118,10,09:56:19.454988
-141,-162,7643,-188,-508,-37,11128,10,09:56:19.495273
-143,-159,7651,-182,-510,-35,11138,10,09:56:19.534791
-156,-164,7653,-175,-509,-43,11148,10,09:56:19.574350
-142,-159,7653,-183,-507,-37,11158,10,09:56:19.614273
-153,-160,7643,-188,-507,-40,11168,10,09:56:19.655377
-140,-160,7643,-183,-507,-34,11178,10,09:56:19.694432
-161,-170,7651,-187,-506,-41,11188,10,09:56:19.734796
-144,-149,7648,-189,-507,-35,11198,10,09:56:19.775375
-140,-164,7645,-179,-507,-39,11208,10,09:56:19.815172
-152,-167,7645,-185,-504,-39,11218,10,09:56:19.855075
-150,-171,7643,-173,-510,-35,11228,10,09:56:19.894496
-143,-167,7654,-185,-508,-36,11238,10,09:56:19.934411
-165,-176,7642,-170,-511,-38,11248,10,09:56:19.984832
-143,-161,7658,-189,-510,-35,11258,10,09:56:20.014578
-164,-160,7641,-184,-502,-39,11268,10,09:56:20.055178
-158,-166,7643,-183,-509,-37,11278,10,09:56:20.095814
-159,-170,7631,-188,-508,-34,11288,10,09:56:20.137809
-161,-152,7643,-175,-502,-33,11298,10,09:56:20.174716
-155,-165,7643,-176,-506,-38,11308,10,09:56:20.215564
-157,-162,7643,-184,-507,-35,11318,10,09:56:20.255324
-150,-159,7659,-185,-506,-38,11328,10,09:56:20.295172
-162,-164,7651,-181,-509,-31,11338,10,09:56:20.334773
-139,-165,7648,-179,-505,-42,11348,10,09:56:20.374633
-137,-158,7645,-183,-505,-35,11358,10,09:56:20.415250
-159,-166,7653,-184,-506,-37,11368,10,09:56:20.465089
-152,-158,7643,-177,-506,-34,11378,10,09:56:20.495279
-147,-166,7637,-178,-505,-36,11388,10,09:56:20.534686
-149,-164,7640,-186,-508,-37,11398,10,09:56:20.575101
-158,-153,7656,-174,-501,-36,11408,10,09:56:20.615445
-143,-160,7640,-182,-506,-37,11418,10,09:56:20.654166
-153,-165,7635,-181,-503,-37,11428,10,09:56:20.695182
-151,-170,7650,-188,-506,-39,11438,10,09:56:20.734795
-154,-171,7645,-178,-502,-36,11448,10,09:56:20.774807
-157,-166,7644,-178,-507,-36,11458,10,09:56:20.814153
-147,-173,7648,-180,-501,-37,11468,10,09:56:20.855452
-161,-154,7651,-184,-507,-38,11478,10,09:56:20.895305
-141,-161,7648,-184,-509,-35,11488,10,09:56:20.934810
-148,-167,7634,-178,-505,-41,11498,10,09:56:20.975437
-151,-163,7645,-180,-512,-39,11508,10,09:56:21.014134
-159,-173,7655,-182,-503,-34,11518,10,09:56:21.065218
-140,-174,7641,-181,-508,-31,11528,10,09:56:21.094244
-157,-158,7642,-184,-509,-37,11538,10,09:56:21.137256
-160,-171,7656,-187,-512,-35,11548,10,09:56:21.185125
-166,-156,7653,-184,-511,-33,11558,10,09:56:21.221059
-140,-167,7642,-183,-507,-43,11568,10,09:56:21.254968
-147,-163,7653,-189,-509,-33,11578,10,09:56:21.294866
-159,-168,7650,-183,-510,-38,11588,10,09:56:21.334312
-155,-165,7646,-180,-508,-39,11598,10,09:56:21.374226
-148,-164,7640,-181,-505,-38,11608,10,09:56:21.414501
-158,-163,7652,-176,-508,-36,11618,10,09:56:21.454538
-140,-157,7648,-185,-514,-37,11628,10,09:56:21.495254
-150,-166,7631,-173,-509,-38,11638,10,09:56:21.534772
-148,-169,7653,-179,-502,-42,11648,10,09:56:21.575767
-141,-169,7651,-180,-503,-35,11658,10,09:56:21.614740
-157,-163,7649,-184,-509,-37,11668,10,09:56:21.655259
-144,-162,7646,-189,-508,-44,11678,10,09:56:21.694634
-149,-159,7638,-186,-510,-35,11688,10,09:56:21.734765
-152,-160,7640,-183,-509,-38,11698,10,09:56:21.775154
-156,-148,7636,-184,-505,-45,11708,10,09:56:21.814749
-136,-162,7643,-180,-502,-36,11718,10,09:56:21.854498
-154,-150,7650,-179,-505,-35,11728,10,09:56:21.895142
-150,-157,7647,-183,-506,-35,11738,10,09:56:21.945243
-144,-167,7653,-181,-506,-37,11748,10,09:56:21.974225
-144,-167,7653,-177,-505,-38,11758,10,09:56:22.014553
-147,-166,7639,-185,-512,-38,11768,10,09:56:22.055095
-146,-171,7655,-183,-508,-40,11778,10,09:56:22.095253
-147,-152,7648,-185,-510,-39,11788,10,09:56:22.136757
-149,-158,7656,-181,-504,-34,11798,10,09:56:22.174505
-149,-149,7650,-181,-504,-38,11808,10,09:56:22.215235
-152,-158,7641,-186,-508,-37,11818,10,09:56:22.254345
-149,-157,7628,-187,-509,-33,11828,10,09:56:22.295249
-148,-169,7642,-184,-507,-37,11838,10,09:56:22.334630
-160,-164,7651,-177,-507,-37,11848,10,09:56:22.375435
-155,-173,7649,-178,-505,-37,11858,10,09:56:22.414463
-145,-159,7643,-175,-502,-34,11868,10,09:56:22.454757
-158,-171,7644,-189,-506,-40,11878,10,09:56:22.495435
-144,-166,7646,-182,-509,-36,11888,10,09:56:22.534856
-152,-162,7645,-185,-513,-33,11898,10,09:56:22.575713
-145,-167,7655,-184,-508,-34,11908,10,09:56:22.615735
-144,-163,7651,-181,-505,-37,11918,10,09:56:22.654420
-146,-152,7641,-183,-508,-40,11928,10,09:56:22.695286
-151,-153,7650,-182,-516,-35,11938,10,09:56:22.734653
-155,-164,7645,-190,-509,-37,11948,10,09:56:22.774331
-146,-162,7649,-179,-506,-36,11958,10,09:56:22.815104
-137,-162,7648,-172,-505,-37,11968,10,09:56:22.855470
-148,-167,7646,-190,-508,-36,11978,10,09:56:22.895270
-157,-165,7639,-180,-510,-38,11988,10,09:56:22.944971
-156,-168,7649,-178,-502,-35,11998,10,09:56:22.975266
-153,-168,7630,-189,-508,-35,12008,10,09:56:23.014087
-170,-163,7641,-187,-505,-40,12018,10,09:56:23.055676
-154,-179,7635,-177,-509,-33,12028,10,09:56:23.095413
-154,-171,7633,-183,-506,-35,12038,10,09:56:23.144718
-146,-157,7641,-189,-500,-36,12048,10,09:56:23.184771
-151,-175,7654,-182,-508,-41,12058,10,09:56:23.224925
-154,-161,7649,-181,-503,-35,12068,10,09:56:23.255300
-161,-156,7650,-185,-502,-35,12078,10,09:56:23.294692
-152,-172,7640,-181,-508,-40,12088,10,09:56:23.334757
-152,-156,7647,-184,-506,-38,12098,10,09:56:23.375224
-143,-171,7644,-180,-510,-36,12108,10,09:56:23.424311
-143,-153,7664,-177,-500,-42,12118,10,09:56:23.455135
-159,-175,7644,-180,-504,-35,12128,10,09:56:23.502009
-154,-160,7640,-185,-511,-34,12138,10,09:56:23.534925
-158,-158,7651,-181,-506,-34,12148,10,09:56:23.574579
-149,-167,7661,-179,-508,-35,12158,10,09:56:23.614151
-147,-155,7646,-184,-509,-34,12168,10,09:56:23.664128
-149,-159,7644,-183,-500,-32,12178,10,09:56:23.705068
-157,-160,7655,-184,-508,-35,12188,10,09:56:23.745099
-151,-164,7648,-185,-504,-35,12198,10,09:56:23.775675
-150,-164,7641,-178,-505,-36,12208,10,09:56:23.815801
-139,-166,7649,-181,-506,-37,12218,10,09:56:23.855159
-145,-169,7656,-188,-508,-37,12228,10,09:56:23.895316
-153,-156,7653,-181,-503,-34,12238,10,09:56:23.941130
-148,-160,7646,-181,-506,-37,12248,10,09:56:23.975297
-144,-163,7635,-181,-508,-41,12258,10,09:56:24.014524
-156,-159,7649,-180,-510,-37,12268,10,09:56:24.054133
-144,-164,7643,-181,-504,-38,12278,10,09:56:24.095285
-153,-166,7650,-190,-507,-40,12288,10,09:56:24.138087
-151,-163,7655,-182,-508,-32,12298,10,09:56:24.174324
-142,-165,7660,-184,-505,-37,12308,10,09:56:24.213858
-149,-157,7649,-173,-499,-39,12318,10,09:56:24.255293
-136,-159,7654,-179,-506,-35,12328,10,09:56:24.301719
-155,-162,7664,-181,-509,-38,12338,10,09:56:24.335073
-152,-158,7648,-188,-513,-39,12348,10,09:56:24.375177
-152,-153,7648,-181,-508,-38,12358,10,09:56:24.414374
-161,-170,7644,-180,-506,-38,12368,10,09:56:24.465126
-141,-157,7644,-180,-509,-36,12378,10,09:56:24.504780
-147,-157,7646,-183,-502,-38,12388,10,09:56:24.541109
-167,-157,7635,-180,-507,-36,12398,10,09:56:24.574526
-148,-160,7647,-186,-507,-35,12408,10,09:56:24.614777
-146,-157,7645,-182,-512,-36,12418,10,09:56:24.654386
-146,-152,7646,-188,-509,-35,12428,10,09:56:24.694449
-155,-160,7662,-182,-511,-38,12438,10,09:56:24.734725
-144,-150,7647,-180,-507,-39,12448,10,09:56:24.785103
-134,-157,7648,-191,-506,-39,12458,10,09:56:24.815000
-144,-170,7645,-183,-505,-33,12468,10,09:56:24.855176
-135,-154,7659,-183,-504,-38,12478,10,09:56:24.894254
-151,-166,7649,-184,-505,-38,12488,10,09:56:24.944926
-157,-157,7638,-177,-506,-36,12498,10,09:56:24.984821
-145,-160,7646,-186,-510,-38,12508,10,09:56:25.015308
-138,-161,7657,-180,-508,-37,12518,10,09:56:25.055039
-147,-161,7653,-181,-505,-37,12528,10,09:56:25.094797
-154,-172,7651,-176,-505,-38,12538,10,09:56:25.137451
-152,-183,7643,-179,-504,-36,12548,10,09:56:25.174432
-150,-163,7643,-187,-506,-38,12558,10,09:56:25.215462
-151,-161,7628,-180,-505,-35,12568,10,09:56:25.254535
-151,-157,7646,-180,-501,-37,12578,10,09:56:25.314594
-150,-157,7649,-184,-505,-37,12588,10,09:56:25.334735
-154,-170,7644,-192,-512,-37,12598,10,09:56:25.374555
-145,-151,7647,-184,-505,-35,12608,10,09:56:25.424971
-149,-158,7655,-182,-507,-37,12618,10,09:56:25.526699
-156,-161,7649,-182,-507,-33,12628,10,09:56:25.541658
-149,-172,7641,-171,-505,-40,12638,10,09:56:25.558612
-156,-168,7650,-181,-504,-39,12648,10,09:56:25.575568
-159,-162,7633,-180,-504,-37,12658,10,09:56:25.615460
-153,-166,7638,-182,-507,-35,12668,10,09:56:25.654776
-145,-166,7634,-181,-501,-36,12678,10,09:56:25.694855
-153,-163,7631,-181,-503,-34,12688,10,09:56:25.734872
-163,-180,7643,-181,-508,-42,12698,10,09:56:25.794177
-153,-174,7647,-178,-502,-36,12708,10,09:56:25.814804
-159,-166,7635,-184,-505,-34,12718,10,09:56:25.854599
-157,-170,7648,-181,-504,-38,12728,10,09:56:25.904446
-158,-166,7643,-185,-509,-40,12738,10,09:56:25.945337
-163,-175,7642,-180,-504,-37,12748,10,09:56:25.984234
-160,-169,7650,-186,-505,-39,12758,10,09:56:26.014153
-146,-164,7647,-178,-502,-37,12768,10,09:56:26.055045
-148,-161,7640,-182,-500,-39,12778,10,09:56:26.094573
-151,-166,7636,-181,-504,-38,12788,10,09:56:26.138101
-152,-170,7646,-183,-502,-36,12798,10,09:56:26.174762
-155,-167,7642,-186,-506,-30,12808,10,09:56:26.214784
-162,-163,7640,-183,-506,-33,12818,10,09:56:26.274754
-158,-167,7639,-183,-513,-35,12828,10,09:56:26.314278
-157,-164,7646,-176,-505,-41,12838,10,09:56:26.335222
-145,-166,7634,-191,-506,-37,12848,10,09:56:26.375465
-157,-170,7631,-184,-506,-37,12858,10,09:56:26.424803
-148,-167,7650,-185,-506,-37,12868,10,09:56:26.484902
-160,-173,7645,-186,-504,-35,12878,10,09:56:26.494876
-165,-159,7646,-178,-508,-35,12888,10,09:56:26.541747
-154,-158,7633,-181,-501,-38,12898,10,09:56:26.575665
-145,-168,7641,-175,-506,-32,12908,10,09:56:26.614636
-147,-168,7643,-181,-504,-36,12918,10,09:56:26.653970
-152,-157,7632,-185,-509,-38,12928,10,09:56:26.705092
-162,-173,7650,-174,-507,-34,12938,10,09:56:26.754049
-163,-171,7642,-180,-507,-36,12948,10,09:56:26.795122
-155,-168,7638,-178,-509,-41,12958,10,09:56:26.814902
-156,-159,7646,-186,-501,-38,12968,10,09:56:26.855307
-156,-157,7642,-182,-501,-36,12978,10,09:56:26.905122
-147,-174,7642,-191,-507,-35,12988,10,09:56:26.944268
-157,-166,7642,-185,-508,-38,12998,10,09:56:26.975132
-144,-160,7642,-186,-507,-39,13008,10,09:56:27.014929
-147,-151,7643,-183,-508,-38,13018,10,09:56:27.055471
-140,-154,7644,-175,-503,-34,13028,10,09:56:27.094371
-153,-159,7634,-188,-516,-37,13038,10,09:56:27.137374
-150,-166,7648,-191,-506,-34,13048,10,09:56:27.174130
-150,-163,7640,-175,-502,-33,13058,10,09:56:27.224407
-145,-162,7650,-181,-505,-34,13068,10,09:56:27.251456
-160,-158,7652,-172,-505,-38,13078,10,09:56:27.285660
-149,-170,7654,-183,-503,-35,13088,10,09:56:27.374252
-153,-161,7636,-184,-508,-37,13098,10,09:56:27.398187
-157,-160,7635,-181,-505,-39,13108,10,09:56:27.404171
-149,-167,7655,-177,-501,-39,13118,10,09:56:27.444580
-146,-156,7651,-175,-504,-33,13128,10,09:56:27.494414
-160,-165,7639,-183,-501,-39,13138,10,09:56:27.524103
-156,-172,7643,-181,-502,-33,13148,10,09:56:27.574880
-154,-161,7643,-188,-504,-39,13158,10,09:56:27.604415
-154,-179,7655,-180,-505,-38,13168,10,09:56:27.644493
-161,-170,7635,-192,-506,-36,13178,10,09:56:27.685147
-152,-166,7632,-185,-499,-40,13188,10,09:56:27.724322
-162,-168,7648,-189,-510,-39,13198,10,09:56:27.765213
-150,-168,7644,-184,-498,-36,13208,10,09:56:27.815080
-153,-166,7643,-193,-505,-33,13218,10,09:56:27.844003
-155,-167,7654,-184,-504,-37,13228,10,09:56:27.905175
-153,-173,7643,-177,-499,-34,13238,10,09:56:27.924998
-152,-164,7628,-189,-502,-38,13248,10,09:56:27.970886
-165,-166,7637,-184,-509,-33,13258,10,09:56:28.014771
-162,-167,7642,-175,-503,-30,13268,10,09:56:28.044690
-154,-169,7568,-180,-507,-36,13278,10,09:56:28.085581
-145,-124,7679,-174,-519,-30,13288,10,09:56:28.136446
-166,-192,7660,-185,-506,-34,13298,10,09:56:28.164368
-145,-162,7711,-181,-513,-42,13308,10,09:56:28.205185
-148,-192,7660,-179,-500,-35,13318,10,09:56:28.244606
-153,-158,7660,-190,-515,-37,13328,10,09:56:28.285406
-149,-173,7641,-180,-510,-36,13338,10,09:56:28.324975
-150,-160,7634,-172,-503,-38,13348,10,09:56:28.365144
-144,-168,7644,-185,-504,-37,13358,10,09:56:28.414291
-143,-154,7644,-188,-508,-33,13368,10,09:56:28.444138
-162,-170,7639,-185,-504,-36,13378,10,09:56:28.495638
-158,-165,7630,-183,-507,-35,13388,10,09:56:28.524782
-161,-151,7640,-182,-501,-35,13398,10,09:56:28.564541
-149,-154,7649,-185,-508,-34,13408,10,09:56:28.605290
-148,-164,7642,-183,-502,-38,13418,10,09:56:28.655208
-150,-156,7639,-186,-509,-35,13428,10,09:56:28.685386
-153,-162,7654,-182,-510,-40,13438,10,09:56:28.724891
-161,-181,7645,-185,-507,-36,13448,10,09:56:28.774601
-151,-171,7636,-190,-504,-37,13458,10,09:56:28.804556
-146,-162,7643,-183,-508,-34,13468,10,09:56:28.844404
-139,-165,7638,-188,-506,-37,13478,10,09:56:28.895476
-148,-177,7635,-185,-502,-34,13488,10,09:56:28.925385
-160,-154,7634,-179,-509,-38,13498,10,09:56:28.985454
-154,-156,7632,-183,-509,-35,13508,10,09:56:29.005402
-153,-174,7638,-183,-507,-37,13518,10,09:56:29.045596
-138,-174,7633,-186,-504,-37,13528,10,09:56:29.085344
-157,-186,7642,-183,-506,-38,13538,10,09:56:29.127205
-145,-161,7654,-186,-506,-32,13548,10,09:56:29.165072
-147,-169,7648,-182,-506,-38,13558,10,09:56:29.204618
-154,-166,7641,-184,-510,-35,13568,10,09:56:29.245130
-142,-175,7639,-185,-512,-33,13578,10,09:56:29.285401
-161,-159,7646,-179,-501,-35,13588,10,09:56:29.325205
-152,-161,7641,-183,-511,-39,13598,10,09:56:29.365352
-160,-161,7633,-176,-500,-39,13608,10,09:56:29.405156
-167,-158,7635,-184,-509,-34,13618,10,09:56:29.444496
-138,-159,7655,-176,-504,-34,13628,10,09:56:29.495174
-149,-165,7643,-181,-504,-40,13638,10,09:56:29.524256
-154,-174,7639,-182,-510,-41,13648,10,09:56:29.565402
-156,-159,7640,-178,-505,-37,13658,10,09:56:29.615623
-148,-159,7638,-185,-506,-40,13668,10,09:56:29.644130
-156,-162,7635,-184,-504,-42,13678,10,09:56:29.685599
-167,-157,7653,-184,-510,-34,13688,10,09:56:29.725554
-155,-179,7640,-182,-507,-39,13698,10,09:56:29.765628
-140,-171,7643,-183,-502,-37,13708,10,09:56:29.804809
-155,-165,7647,-176,-504,-36,13718,10,09:56:29.844826
-156,-163,7640,-179,-509,-32,13728,10,09:56:29.885128
-155,-164,7643,-179,-508,-34,13738,10,09:56:29.926758
-147,-162,7639,-187,-514,-37,13748,10,09:56:29.984853
-158,-160,7634,-182,-506,-38,13758,10,09:56:30.005043
-151,-166,7643,-181,-501,-34,13768,10,09:56:30.045156
-155,-159,7648,-171,-505,-36,13778,10,09:56:30.114854
-147,-173,7646,-182,-505,-38,13788,10,09:56:30.137720
-154,-171,7639,-176,-509,-39,13798,10,09:56:30.164415
-164,-171,7642,-192,-508,-33,13808,10,09:56:30.204720
-167,-171,7628,-186,-500,-36,13818,10,09:56:30.245673
-155,-166,7633,-177,-504,-34,13828,10,09:56:30.284600
-161,-162,7647,-182,-506,-36,13838,10,09:56:30.324111
-146,-152,7639,-183,-499,-34,13848,10,09:56:30.364234
-153,-167,7637,-182,-503,-38,13858,10,09:56:30.404596
-158,-170,7644,-181,-501,-38,13868,10,09:56:30.454544
-143,-166,7655,-179,-501,-38,13878,10,09:56:30.484567
-156,-163,7640,-186,-508,-37,13888,10,09:56:30.525326
-152,-169,7640,-179,-500,-33,13898,10,09:56:30.564581
-157,-163,7637,-183,-509,-37,13908,10,09:56:30.614535
-161,-164,7639,-178,-510,-37,13918,10,09:56:30.654559
-154,-175,7634,-185,-507,-33,13928,10,09:56:30.694727
-165,-167,7634,-187,-504,-30,13938,10,09:56:30.734523
-150,-173,7644,-178,-505,-32,13948,10,09:56:30.765154
-150,-162,7636,-182,-502,-36,13958,10,09:56:30.811614
-149,-162,7643,-187,-502,-33,13968,10,09:56:30.844130
-171,-168,7642,-184,-503,-42,13978,10,09:56:30.885575
-145,-166,7652,-180,-501,-36,13988,10,09:56:30.924311
-144,-173,7632,-175,-502,-40,13998,10,09:56:30.985630
-162,-155,7636,-177,-503,-37,14008,10,09:56:31.004402
-140,-162,7646,-187,-503,-38,14018,10,09:56:31.044379
-148,-160,7639,-179,-502,-35,14028,10,09:56:31.105566
-164,-176,7647,-180,-512,-38,14038,10,09:56:31.144215
-154,-159,7646,-180,-505,-39,14048,10,09:56:31.165037
-149,-151,7649,-176,-505,-37,14058,10,09:56:31.204530
-152,-168,7639,-180,-505,-36,14068,10,09:56:31.245380
-158,-168,7641,-180,-503,-36,14078,10,09:56:31.284633
-161,-161,7655,-184,-505,-36,14088,10,09:56:31.324122
-145,-174,7644,-190,-508,-35,14098,10,09:56:31.364919
-152,-170,7639,-178,-501,-38,14108,10,09:56:31.414927
-148,-172,7637,-174,-507,-36,14118,10,09:56:31.465965
-162,-168,7644,-182,-504,-33,14128,10,09:56:31.485391
-165,-166,7650,-184,-507,-37,14138,10,09:56:31.525618
-153,-164,7646,-182,-511,-33,14148,10,09:56:31.565407
-153,-174,7644,-182,-502,-36,14158,10,09:56:31.634493
-150,-160,7634,-182,-509,-33,14168,10,09:56:31.674482
-155,-170,7644,-186,-508,-29,14178,10,09:56:31.735138
-158,-157,7643,-186,-507,-31,14188,10,09:56:31.764258
-155,-166,7650,-191,-509,-38,14198,10,09:56:31.765254
-139,-165,7641,-173,-499,-36,14208,10,09:56:31.805221
-145,-165,7637,-185,-511,-36,14218,10,09:56:31.855002
-149,-158,7647,-190,-511,-37,14228,10,09:56:31.894490
-163,-172,7649,-180,-507,-41,14238,10,09:56:31.934377
-149,-164,7642,-187,-501,-40,14248,10,09:56:31.965383
-151,-160,7652,-182,-502,-36,14258,10,09:56:32.004584
-152,-161,7654,-177,-506,-33,14268,10,09:56:32.045173
-152,-163,7637,-186,-505,-34,14278,10,09:56:32.106006
-150,-156,7642,-196,-509,-40,14288,10,09:56:32.137851
-152,-162,7655,-182,-502,-37,14298,10,09:56:32.164284
-149,-165,7650,-186,-504,-38,14308,10,09:56:32.224916
-145,-163,7650,-183,-511,-34,14318,10,09:56:32.245457
-150,-156,7652,-188,-506,-32,14328,10,09:56:32.285120
-161,-164,7646,-188,-505,-34,14338,10,09:56:32.339239
-160,-171,7642,-178,-504,-35,14348,10,09:56:32.374202
-152,-173,7647,-178,-504,-38,14358,10,09:56:32.416090
-153,-175,7644,-178,-505,-36,14368,10,09:56:32.474730
-165,-171,7654,-183,-507,-39,14378,10,09:56:32.484701
-151,-174,7644,-176,-506,-35,14388,10,09:56:32.525591
-168,-168,7646,-185,-510,-35,14398,10,09:56:32.594407
-149,-161,7654,-186,-503,-38,14408,10,09:56:32.634302
-157,-150,7651,-186,-503,-33,14418,10,09:56:32.655245
-157,-172,7637,-182,-503,-40,14428,10,09:56:32.705109
-150,-160,7652,-182,-512,-39,14438,10,09:56:32.744521
-158,-166,7655,-176,-498,-37,14448,10,09:56:32.765406
-152,-166,7642,-185,-502,-43,14458,10,09:56:32.804240
-151,-157,7648,-177,-506,-38,14468,10,09:56:32.855027
-153,-161,7645,-177,-503,-38,14478,10,09:56:32.895290
-152,-162,7630,-180,-508,-36,14488,10,09:56:32.965063
-158,-172,7629,-185,-509,-38,14498,10,09:56:32.966089
-150,-158,7632,-190,-511,-36,14508,10,09:56:33.004753
-150,-152,7637,-181,-503,-41,14518,10,09:56:33.074593
-160,-165,7653,-169,-499,-37,14528,10,09:56:33.094789
-160,-167,7647,-187,-512,-37,14538,10,09:56:33.137185
-164,-173,7642,-186,-511,-32,14548,10,09:56:33.164376
-154,-175,7630,-187,-503,-34,14558,10,09:56:33.225061
-157,-165,7640,-186,-502,-39,14568,10,09:56:33.245144
-148,-160,7641,-188,-506,-32,14578,10,09:56:33.284820
-155,-170,7641,-183,-511,-35,14588,10,09:56:33.335295
-159,-153,7645,-188,-515,-34,14598,10,09:56:33.374266
-150,-174,7637,-183,-510,-41,14608,10,09:56:33.444813
-150,-159,7639,-184,-505,-34,14618,10,09:56:33.445808
-162,-165,7660,-186,-500,-40,14628,10,09:56:33.484789
-148,-168,7645,-179,-504,-38,14638,10,09:56:33.524564
-148,-165,7648,-182,-506,-39,14648,10,09:56:33.595078
-150,-147,7650,-185,-509,-39,14658,10,09:56:33.614538
-147,-171,7643,-184,-503,-34,14668,10,09:56:33.654715
-145,-154,7645,-183,-504,-35,14678,10,09:56:33.703478
-156,-153,7647,-183,-509,-42,14688,10,09:56:33.725144
-156,-167,7651,-186,-506,-34,14698,10,09:56:33.764275
-150,-167,7651,-183,-509,-37,14708,10,09:56:33.814915
-154,-170,7651,-184,-507,-37,14718,10,09:56:33.855503
-144,-154,7666,-178,-505,-32,14728,10,09:56:33.894519
-145,-157,7647,-176,-502,-33,14738,10,09:56:33.944801
-149,-179,7640,-179,-507,-36,14748,10,09:56:33.965355
-148,-164,7638,-181,-505,-36,14758,10,09:56:34.005573
-155,-172,7639,-179,-506,-37,14768,10,09:56:34.054511
-164,-164,7648,-180,-505,-35,14778,10,09:56:34.094535
-158,-172,7632,-190,-506,-32,14788,10,09:56:34.127045
-162,-162,7639,-184,-505,-39,14798,10,09:56:34.164110
-154,-175,7656,-183,-508,-38,14808,10,09:56:34.204450
-157,-166,7641,-190,-509,-38,14818,10,09:56:34.244493
-154,-176,7638,-192,-512,-37,14828,10,09:56:34.285110
-157,-169,7645,-182,-504,-39,14838,10,09:56:34.324486
-149,-178,7638,-173,-505,-40,14848,10,09:56:34.364308
-154,-165,7645,-185,-505,-36,14858,10,09:56:34.404175
-149,-159,7654,-181,-509,-35,14868,10,09:56:34.444110
-148,-170,7656,-183,-504,-37,14878,10,09:56:34.485036
-151,-173,7644,-186,-506,-38,14888,10,09:56:34.530740
-151,-156,7641,-182,-510,-34,14898,10,09:56:34.564553
-162,-165,7650,-183,-506,-40,14908,10,09:56:34.604728
-152,-169,7640,-186,-504,-41,14918,10,09:56:34.644558
-145,-174,7636,-182,-502,-32,14928,10,09:56:34.685146
-162,-153,7649,-176,-505,-37,14938,10,09:56:34.724453
-147,-171,7632,-186,-505,-40,14948,10,09:56:34.764367
-148,-166,7633,-183,-509,-34,14958,10,09:56:34.804261
-148,-151,7638,-181,-505,-30,14968,10,09:56:34.845151
-149,-163,7646,-182,-507,-38,14978,10,09:56:34.884585
-156,-158,7645,-184,-505,-33,14988,10,09:56:34.924546
-153,-167,7642,-184,-507,-37,14998,10,09:56:34.965057
-165,-171,7642,-184,-509,-35,15008,10,09:56:35.004201
-147,-172,7650,-181,-504,-37,15018,10,09:56:35.044471
-141,-172,7647,-189,-507,-38,15028,10,09:56:35.084949
-149,-177,7644,-185,-507,-39,15038,10,09:56:35.126601
-160,-158,7654,-183,-506,-33,15048,10,09:56:35.165167
-146,-157,7659,-179,-500,-35,15058,10,09:56:35.204462
-154,-158,7636,-181,-507,-37,15068,10,09:56:35.244766
-148,-167,7643,-183,-504,-35,15078,10,09:56:35.284431
-146,-153,7650,-184,-510,-36,15088,10,09:56:35.325015
-150,-178,7651,-184,-509,-34,15098,10,09:56:35.364231
-147,-156,7654,-182,-504,-35,15108,10,09:56:35.415148
-150,-171,7647,-177,-506,-33,15118,10,09:56:35.444780
-150,-173,7635,-190,-509,-36,15128,10,09:56:35.485117
-166,-163,7644,-186,-509,-39,15138,10,09:56:35.534497
-159,-173,7638,-183,-510,-38,15148,10,09:56:35.564311
-160,-168,7649,-181,-507,-39,15158,10,09:56:35.604300
-150,-162,7640,-178,-498,-32,15168,10,09:56:35.645139
-154,-165,7639,-179,-507,-37,15178,10,09:56:35.684512
-150,-167,7638,-177,-506,-35,15188,10,09:56:35.724897
-159,-171,7654,-179,-504,-37,15198,10,09:56:35.764537
-159,-159,7646,-184,-509,-36,15208,10,09:56:35.804140
-152,-170,7633,-183,-505,-38,15218,10,09:56:35.844517
-142,-163,7650,-190,-511,-42,15228,10,09:56:35.885117
-155,-169,7629,-183,-505,-31,15238,10,09:56:35.924718
-150,-175,7633,-182,-508,-39,15248,10,09:56:35.964470
-154,-158,7639,-188,-512,-34,15258,10,09:56:36.004523
-151,-161,7652,-185,-509,-36,15268,10,09:56:36.044103
-154,-171,7648,-185,-501,-34,15278,10,09:56:36.084536
-146,-164,7642,-180,-507,-36,15288,10,09:56:36.134894
-146,-165,7657,-183,-508,-32,15298,10,09:56:36.164214
-148,-160,7655,-175,-500,-31,15308,10,09:56:36.205170
-156,-172,7648,-180,-501,-38,15318,10,09:56:36.254553
-158,-168,7651,-183,-501,-36,15328,10,09:56:36.285335
-156,-176,7652,-179,-507,-41,15338,10,09:56:36.325325
-158,-164,7635,-174,-507,-32,15348,10,09:56:36.365069
-150,-167,7646,-179,-507,-36,15358,10,09:56:36.405990
-148,-159,7645,-175,-501,-33,15368,10,09:56:36.444486
-152,-165,7648,-184,-506,-39,15378,10,09:56:36.484563
-153,-164,7638,-183,-502,-35,15388,10,09:56:36.535543
-150,-163,7648,-182,-501,-39,15398,10,09:56:36.565427
-144,-154,7650,-184,-507,-37,15408,10,09:56:36.604878
-146,-155,7639,-184,-505,-35,15418,10,09:56:36.644741
-151,-177,7637,-180,-505,-39,15428,10,09:56:36.685308
-149,-165,7643,-183,-506,-36,15438,10,09:56:36.724600
-151,-162,7651,-188,-508,-34,15448,10,09:56:36.765245
-162,-161,7634,-179,-497,-38,15458,10,09:56:36.804237
-149,-163,7631,-177,-501,-33,15468,10,09:56:36.844185
-145,-160,7638,-188,-504,-35,15478,10,09:56:36.893936
-153,-158,7630,-186,-503,-37,15488,10,09:56:36.925278
-141,-166,7635,-185,-506,-34,15498,10,09:56:36.964254
-162,-162,7644,-183,-503,-36,15508,10,09:56:37.015024
-161,-167,7653,-187,-508,-39,15518,10,09:56:37.044202
-156,-165,7648,-186,-511,-37,15528,10,09:56:37.084412
-146,-173,7640,-178,-503,-38,15538,10,09:56:37.126338
-149,-170,7650,-183,-508,-36,15548,10,09:56:37.164439
-143,-165,7641,-183,-506,-38,15558,10,09:56:37.204875
-142,-160,7638,-186,-506,-40,15568,10,09:56:37.245274
-151,-174,7650,-180,-510,-35,15578,10,09:56:37.284553
-158,-163,7644,-191,-506,-37,15588,10,09:56:37.324091
-145,-151,7642,-182,-502,-39,15598,10,09:56:37.364269
-168,-155,7631,-192,-511,-41,15608,10,09:56:37.410957
-161,-170,7645,-187,-513,-33,15618,10,09:56:37.458948
-148,-176,7633,-186,-504,-37,15628,10,09:56:37.490862
-147,-161,7636,-188,-503,-38,15638,10,09:56:37.524508
-143,-179,7649,-187,-511,-30,15648,10,09:56:37.564709
-159,-173,7655,-174,-501,-35,15658,10,09:56:37.605122
-143,-173,7626,-186,-506,-39,15668,10,09:56:37.644323
-137,-155,7635,-183,-503,-34,15678,10,09:56:37.684745
-170,-160,7637,-181,-507,-36,15688,10,09:56:37.725133
-144,-163,7647,-182,-510,-36,15698,10,09:56:37.764408
-138,-168,7650,-181,-504,-41,15708,10,09:56:37.805121
