PPG_IR1,PPG_IR2,PPG_G1,PPG_G2,PacketCounter,PacketLoss,Timestamp
100586,79272,292167,214407,790,10,09:55:37.703920
100581,79274,292152,214401,800,0,09:55:37.753993
100585,79267,292165,214407,810,0,09:55:37.774290
100576,79266,292148,214404,820,0,09:55:37.813678
100572,79261,292147,214387,830,0,09:55:37.854343
100577,79268,292154,214394,840,0,09:55:37.893668
100571,79259,292147,214391,850,0,09:55:37.934311
100575,79261,292149,214394,860,0,09:55:37.973156
100577,79260,292156,214401,870,0,09:55:38.014349
100574,79257,292149,214395,880,0,09:55:38.053236
100582,79266,292153,214400,890,0,09:55:38.093687
100576,79264,292150,214396,900,0,09:55:38.133701
100574,79263,292147,214392,910,0,09:55:38.173313
100571,79263,292148,214401,920,0,09:55:38.213691
100573,79264,292143,214391,930,0,09:55:38.263730
100575,79265,292140,214394,940,0,09:55:38.293682
100573,79262,292149,214400,950,0,09:55:38.334358
100576,79257,292155,214396,960,0,09:55:38.373781
100576,79272,292138,214386,970,0,09:55:38.413443
100580,79270,292145,214399,980,0,09:55:38.453542
100576,79262,292147,214391,990,0,09:55:38.503548
100567,79257,292148,214396,1000,0,09:55:38.533645
100573,79263,292139,214395,1010,0,09:55:38.583671
102080,80479,292143,214394,1020,0,09:55:38.613693
106563,84150,292139,214388,1030,0,09:55:38.654339
106566,84154,292133,214392,1040,0,09:55:38.693671
106563,84150,292137,214393,1050,0,09:55:38.734353
106560,84147,292135,214391,1060,0,09:55:38.774685
106559,84142,292128,214383,1070,0,09:55:38.813337
106555,84143,292132,214385,1080,0,09:55:38.863595
106560,84143,292130,214382,1090,0,09:55:38.894351
106566,84156,292132,214387,1100,0,09:55:38.943566
106564,84147,292132,214381,1110,0,09:55:38.973490
106561,84146,292129,214381,1120,0,09:55:39.013664
106562,84146,292125,214379,1130,0,09:55:39.053327
106557,84144,292126,214378,1140,0,09:55:39.093182
106560,84145,292123,214372,1150,0,09:55:39.133310
106560,84141,292120,214375,1160,0,09:55:39.174276
106553,84139,292123,214375,1170,0,09:55:39.214336
106556,84143,292122,214374,1180,0,09:55:39.253664
106554,84142,292119,214370,1190,0,09:55:39.294361
106551,84140,292126,214384,1200,0,09:55:39.333649
106555,84140,292118,214375,1210,0,09:55:39.373553
106556,84143,292115,214373,1220,0,09:55:39.413466
106558,84143,292121,214376,1230,0,09:55:39.453941
106553,84142,292118,214378,1240,0,09:55:39.493634
106551,84141,292120,214373,1250,0,09:55:39.534356
106549,84143,292115,214371,1260,0,09:55:39.573484
106554,84144,292114,214364,1270,0,09:55:39.614305
106557,84144,292121,214375,1280,0,09:55:39.653696
106548,84131,292109,214363,1290,0,09:55:39.694334
106558,84144,292111,214362,1300,0,09:55:39.733658
106556,84143,292101,214361,1310,0,09:55:39.774308
106559,84148,292110,214362,1320,0,09:55:39.814179
106546,84136,292105,214359,1330,0,09:55:39.853135
106542,84132,292108,214364,1340,0,09:55:39.893686
106545,84129,292111,214367,1350,0,09:55:39.933255
106541,84128,292107,214368,1360,0,09:55:39.983682
106547,84130,292104,214369,1370,0,09:55:40.014340
106549,84136,292102,214362,1380,0,09:55:40.053741
106548,84138,292104,214365,1390,0,09:55:40.094308
106544,84136,292101,214356,1400,0,09:55:40.133624
106548,84136,292103,214358,1410,0,09:55:40.174305
106552,84137,292102,214361,1420,0,09:55:40.213497
106538,84122,292103,214364,1430,0,09:55:40.253622
106549,84140,292097,214358,1440,0,09:55:40.293674
106546,84134,292099,214353,1450,0,09:55:40.343652
106544,84136,292104,214356,1460,0,09:55:40.373653
106539,84134,292096,214355,1470,0,09:55:40.413421
106545,84139,292098,214355,1480,0,09:55:40.453647
106545,84135,292093,214353,1490,0,09:55:40.494009
106547,84138,292100,214359,1500,0,09:55:40.539888
106546,84135,292093,214349,1510,0,09:55:40.573796
106547,84132,292090,214359,1520,0,09:55:40.613877
108188,85425,292105,214367,1530,0,09:55:40.653428
112812,89058,292098,214355,1540,0,09:55:40.693528
112816,89058,292098,214363,1550,0,09:55:40.734419
112812,89059,292097,214365,1560,0,09:55:40.773815
112813,89055,292094,214358,1570,0,09:55:40.824014
112806,89052,292086,214351,1580,0,09:55:40.854002
112809,89047,292090,214355,1590,0,09:55:40.894278
112820,89062,292096,214360,1600,0,09:55:40.933646
112812,89055,292089,214344,1610,0,09:55:40.974299
112812,89056,292090,214345,1620,0,09:55:41.013885
112803,89046,292092,214347,1630,0,09:55:41.054138
112805,89049,292088,214343,1640,0,09:55:41.093607
112805,89043,292085,214348,1650,0,09:55:41.133503
112804,89043,292087,214348,1660,0,09:55:41.173638
112796,89040,292090,214349,1670,0,09:55:41.214339
112803,89040,292084,214350,1680,0,09:55:41.253624
112801,89044,292087,214353,1690,0,09:55:41.294333
112806,89045,292084,214343,1700,0,09:55:41.333641
112804,89050,292091,214350,1710,0,09:55:41.373780
112805,89051,292082,214344,1720,0,09:55:41.413648
112799,89044,292084,214342,1730,0,09:55:41.463640
112804,89047,292086,214351,1740,0,09:55:41.493639
112805,89046,292076,214343,1750,0,09:55:41.534344
112796,89037,292085,214350,1760,0,09:55:41.574581
112798,89042,292074,214343,1770,0,09:55:41.614362
112807,89052,292078,214346,1780,0,09:55:41.653568
112806,89049,292076,214346,1790,0,09:55:41.694233
112807,89047,292078,214336,1800,0,09:55:41.733610
112813,89045,292083,214341,1810,0,09:55:41.774046
112810,89036,292080,214338,1820,0,09:55:41.823651
112805,89030,292077,214333,1830,0,09:55:41.853952
112821,89039,292067,214335,1840,0,09:55:41.893655
112803,89034,292069,214333,1850,0,09:55:41.934332
112808,89043,292076,214338,1860,0,09:55:41.973837
112799,89038,292074,214337,1870,0,09:55:42.014327
112799,89042,292077,214346,1880,0,09:55:42.053686
112801,89041,292083,214341,1890,0,09:55:42.094358
112804,89038,292080,214339,1900,0,09:55:42.133681
112791,89032,292073,214336,1910,0,09:55:42.174299
112793,89034,292078,214340,1920,0,09:55:42.223649
112806,89047,292082,214343,1930,0,09:55:42.254137
112796,89037,292079,214343,1940,0,09:55:42.293672
112785,89040,292070,214337,1950,0,09:55:42.333128
112787,89038,292069,214332,1960,0,09:55:42.373654
112780,89039,292069,214328,1970,0,09:55:42.414190
112786,89038,292076,214327,1980,0,09:55:42.454558
112795,89043,292077,214337,1990,0,09:55:42.494324
112799,89036,292072,214340,2000,0,09:55:42.533662
112802,89039,292069,214331,2010,0,09:55:42.574306
112799,89045,292061,214327,2020,0,09:55:42.614105
112802,89039,292064,214331,2030,0,09:55:42.654334
114675,90520,292071,214330,2040,0,09:55:42.693697
118776,93771,292058,214327,2050,0,09:55:42.733897
118790,93782,292068,214334,2060,0,09:55:42.773671
118779,93775,292055,214327,2070,0,09:55:42.814329
118779,93777,292062,214331,2080,0,09:55:42.853827
118772,93774,292053,214324,2090,0,09:55:42.893515
118773,93782,292059,214325,2100,0,09:55:42.943382
118745,93776,292058,214334,2110,0,09:55:42.973878
118772,93779,292051,214319,2120,0,09:55:43.013800
118764,93781,292056,214325,2130,0,09:55:43.053404
118756,93782,292050,214328,2140,0,09:55:43.093618
118747,93776,292048,214316,2150,0,09:55:43.134313
118754,93776,292049,214318,2160,0,09:55:43.173655
118762,93778,292051,214318,2170,0,09:55:43.214030
118771,93773,292059,214327,2180,0,09:55:43.253621
118765,93774,292051,214318,2190,0,09:55:43.303645
118767,93776,292054,214323,2200,0,09:55:43.333645
118765,93769,292051,214327,2210,0,09:55:43.373038
118768,93770,292053,214327,2220,0,09:55:43.413590
118814,93778,292044,214323,2230,0,09:55:43.454292
118812,93777,292049,214319,2240,0,09:55:43.493634
118793,93768,292048,214320,2250,0,09:55:43.534302
118803,93770,292049,214319,2260,0,09:55:43.573608
118796,93777,292055,214324,2270,0,09:55:43.614305
118785,93770,292059,214334,2280,0,09:55:43.654093
118774,93766,292047,214322,2290,0,09:55:43.703560
118771,93768,292045,214318,2300,0,09:55:43.733589
118773,93775,292055,214324,2310,0,09:55:43.774296
118764,93770,292048,214322,2320,0,09:55:43.814248
118763,93770,292048,214321,2330,0,09:55:43.854086
118734,93773,292052,214331,2340,0,09:55:43.903629
118734,93776,292047,214321,2350,0,09:55:43.934326
118731,93769,292043,214317,2360,0,09:55:43.973637
118746,93771,292066,214317,2370,0,09:55:44.014322
118749,93769,292063,214315,2380,0,09:55:44.053627
118749,93762,292056,214314,2390,0,09:55:44.094291
118754,93768,292057,214321,2400,0,09:55:44.133656
118768,93771,292049,214315,2410,0,09:55:44.173654
118756,93764,292047,214310,2420,0,09:55:44.213637
118757,93763,292049,214313,2430,0,09:55:44.254288
118767,93776,292041,214316,2440,0,09:55:44.293116
118757,93755,292047,214312,2450,0,09:55:44.334295
118767,93770,292046,214312,2460,0,09:55:44.373601
118759,93765,292042,214323,2470,0,09:55:44.423431
118760,93757,292038,214311,2480,0,09:55:44.453293
118758,93768,292019,214316,2490,0,09:55:44.494320
118760,93769,292010,214313,2500,0,09:55:44.533664
118753,93761,292023,214314,2510,0,09:55:44.573508
118753,93764,292040,214310,2520,0,09:55:44.613638
118758,93770,292042,214310,2530,0,09:55:44.653839
118753,93759,292037,214313,2540,0,09:55:44.694199
120674,95313,292043,214317,2550,0,09:55:44.734287
124850,98732,292046,214318,2560,0,09:55:44.783651
124853,98729,292047,214320,2570,0,09:55:44.814326
124854,98733,292040,214309,2580,0,09:55:44.853619
124844,98722,292026,214296,2590,0,09:55:44.893286
124851,98725,292018,214308,2600,0,09:55:44.933674
124853,98726,292025,214309,2610,0,09:55:44.974320
124853,98728,292032,214313,2620,0,09:55:45.013622
124849,98720,291997,214314,2630,0,09:55:45.054316
124853,98726,292007,214304,2640,0,09:55:45.093674
124856,98731,292011,214308,2650,0,09:55:45.133610
124837,98715,292013,214307,2660,0,09:55:45.173473
124838,98715,292021,214305,2670,0,09:55:45.213366
124841,98721,292030,214308,2680,0,09:55:45.253777
124843,98720,292026,214304,2690,0,09:55:45.292956
124842,98713,292035,214314,2700,0,09:55:45.333638
124847,98727,292069,214311,2710,0,09:55:45.374309
124844,98724,292088,214321,2720,0,09:55:45.413612
124841,98718,292071,214306,2730,0,09:55:45.453448
124850,98726,292081,214310,2740,0,09:55:45.493580
124850,98725,292071,214312,2750,0,09:55:45.533262
124840,98718,292054,214304,2760,0,09:55:45.573617
124845,98718,292047,214304,2770,0,09:55:45.614318
124851,98727,292034,214302,2780,0,09:55:45.653573
124845,98725,292026,214299,2790,0,09:55:45.694316
124845,98722,292020,214295,2800,0,09:55:45.733596
124843,98721,291985,214299,2810,0,09:55:45.774314
124848,98727,291987,214302,2820,0,09:55:45.813637
124843,98722,291987,214294,2830,0,09:55:45.853660
124845,98721,292003,214297,2840,0,09:55:45.903279
124848,98717,292010,214301,2850,0,09:55:45.933987
124848,98723,292006,214300,2860,0,09:55:45.973633
124849,98722,292009,214293,2870,0,09:55:46.013314
124840,98714,292007,214292,2880,0,09:55:46.053042
124843,98718,292013,214293,2890,0,09:55:46.094311
124834,98716,292011,214291,2900,0,09:55:46.134145
124838,98708,292017,214294,2910,0,09:55:46.173308
124843,98714,292020,214302,2920,0,09:55:46.213641
124837,98716,292013,214297,2930,0,09:55:46.263644
124838,98716,292022,214303,2940,0,09:55:46.293159
124837,98714,292016,214294,2950,0,09:55:46.334281
124843,98720,292012,214301,2960,0,09:55:46.374178
124837,98716,292011,214292,2970,0,09:55:46.413685
124835,98718,292009,214298,2980,0,09:55:46.453607
124840,98722,292014,214291,2990,0,09:55:46.494305
124841,98719,292018,214291,3000,0,09:55:46.533650
124844,98721,292009,214284,3010,0,09:55:46.574313
124836,98717,292009,214292,3020,0,09:55:46.614451
124839,98712,292010,214289,3030,0,09:55:46.654063
124829,98704,292000,214280,3040,0,09:55:46.693606
124834,98720,292002,214274,3050,0,09:55:46.734312
126804,100255,292005,214284,3060,0,09:55:46.773683
131152,103669,292013,214289,3070,0,09:55:46.813310
131133,103654,291997,214277,3080,0,09:55:46.854059
131132,103650,292005,214283,3090,0,09:55:46.893917
131131,103651,292003,214283,3100,0,09:55:46.933612
131130,103656,292009,214286,3110,0,09:55:46.973281
131131,103656,292005,214288,3120,0,09:55:47.013618
131139,103670,292004,214290,3130,0,09:55:47.053180
131131,103655,292007,214286,3140,0,09:55:47.094282
131136,103661,292002,214284,3150,0,09:55:47.134279
131135,103660,291996,214276,3160,0,09:55:47.173780
131141,103664,292012,214290,3170,0,09:55:47.214283
131132,103663,292000,214280,3180,0,09:55:47.253641
131127,103657,291999,214280,3190,0,09:55:47.293307
131131,103654,292005,214290,3200,0,09:55:47.333616
131143,103666,292002,214287,3210,0,09:55:47.383679
131133,103657,292003,214284,3220,0,09:55:47.413599
131132,103658,291996,214281,3230,0,09:55:47.453492
131140,103666,292004,214282,3240,0,09:55:47.492821
131137,103663,291991,214278,3250,0,09:55:47.532920
131131,103653,291991,214272,3260,0,09:55:47.574226
131139,103663,292000,214277,3270,0,09:55:47.614304
131131,103655,292005,214283,3280,0,09:55:47.653613
131129,103654,291999,214278,3290,0,09:55:47.693294
131130,103658,291991,214274,3300,0,09:55:47.743297
131134,103654,292003,214284,3310,0,09:55:47.773268
131124,103650,291999,214283,3320,0,09:55:47.813653
131133,103657,291997,214278,3330,0,09:55:47.854302
131129,103654,292004,214285,3340,0,09:55:47.893627
131138,103657,292001,214285,3350,0,09:55:47.934307
131131,103652,292004,214286,3360,0,09:55:47.973524
131122,103643,291999,214283,3370,0,09:55:48.014313
131133,103655,292000,214270,3380,0,09:55:48.053581
131126,103654,291996,214278,3390,0,09:55:48.094306
131132,103656,291994,214273,3400,0,09:55:48.133652
131131,103661,291984,214270,3410,0,09:55:48.173820
131129,103655,291998,214282,3420,0,09:55:48.213620
131126,103653,291995,214278,3430,0,09:55:48.253949
131128,103653,291998,214283,3440,0,09:55:48.293667
131127,103653,291996,214278,3450,0,09:55:48.343617
131124,103654,291995,214280,3460,0,09:55:48.374215
131130,103654,291987,214269,3470,0,09:55:48.414272
131128,103658,291989,214270,3480,0,09:55:48.453625
131119,103646,291990,214269,3490,0,09:55:48.494307
131127,103659,291992,214278,3500,0,09:55:48.533630
131128,103652,291995,214279,3510,0,09:55:48.573903
131117,103647,291993,214280,3520,0,09:55:48.613677
131125,103649,291994,214278,3530,0,09:55:48.654015
131126,103647,291985,214272,3540,0,09:55:48.693665
131113,103646,291983,214273,3550,0,09:55:48.733182
131119,103641,291986,214271,3560,0,09:55:48.773823
133134,105240,291984,214275,3570,0,09:55:48.813271
137557,108758,291986,214276,3580,0,09:55:48.853573
137565,108767,291989,214277,3590,0,09:55:48.894010
137571,108769,291987,214277,3600,0,09:55:48.934161
137569,108765,291995,214276,3610,0,09:55:48.974333
137572,108768,291987,214269,3620,0,09:55:49.023670
137572,108772,291996,214277,3630,0,09:55:49.053554
137559,108758,291996,214274,3640,0,09:55:49.093682
137614,108806,292077,214362,3650,0,09:55:49.134304
137375,108607,291689,213999,3660,0,09:55:49.173635
137608,108798,292051,214337,3670,0,09:55:49.214301
137376,108605,291703,214010,3680,0,09:55:49.253634
137459,108678,291835,214132,3690,0,09:55:49.294301
137406,108634,291769,214068,3700,0,09:55:49.333632
137428,108644,291797,214097,3710,0,09:55:49.374295
137424,108645,291777,214076,3720,0,09:55:49.413607
137425,108643,291788,214088,3730,0,09:55:49.453271
137428,108643,291773,214077,3740,0,09:55:49.493681
137418,108639,291781,214079,3750,0,09:55:49.533631
137420,108644,291775,214074,3760,0,09:55:49.573634
137420,108645,291768,214071,3770,0,09:55:49.613267
137414,108631,291774,214067,3780,0,09:55:49.653338
137422,108643,291781,214079,3790,0,09:55:49.693525
137408,108630,291764,214060,3800,0,09:55:49.733419
137405,108632,291769,214069,3810,0,09:55:49.773313
137413,108633,291783,214075,3820,0,09:55:49.813485
137417,108644,291774,214078,3830,0,09:55:49.863965
137411,108638,291765,214067,3840,0,09:55:49.894232
137423,108647,291772,214065,3850,0,09:55:49.933268
137416,108642,291761,214065,3860,0,09:55:49.974026
137407,108633,291768,214066,3870,0,09:55:50.014289
137404,108633,291758,214056,3880,0,09:55:50.053435
137415,108635,291781,214078,3890,0,09:55:50.093267
137404,108632,291772,214063,3900,0,09:55:50.133648
137411,108636,291762,214061,3910,0,09:55:50.173490
137395,108623,291764,214065,3920,0,09:55:50.213320
137403,108630,291766,214062,3930,0,09:55:50.253908
137397,108625,291764,214059,3940,0,09:55:50.293598
137401,108628,291760,214060,3950,0,09:55:50.334268
137411,108638,291764,214063,3960,0,09:55:50.374277
137404,108628,291764,214064,3970,0,09:55:50.414295
137401,108629,291753,214065,3980,0,09:55:50.453270
137401,108630,291757,214065,3990,0,09:55:50.503635
137395,108628,291768,214075,4000,0,09:55:50.533625
137406,108636,291758,214062,4010,0,09:55:50.573293
137399,108628,291755,214062,4020,0,09:55:50.620171
137404,108634,291763,214061,4030,0,09:55:50.654080
137397,108623,291762,214068,4040,0,09:55:50.692977
137405,108625,291754,214052,4050,0,09:55:50.733265
137426,108630,291757,214059,4060,0,09:55:50.773544
137435,108639,291758,214057,4070,0,09:55:50.814296
139737,110506,291762,214062,4080,0,09:55:50.854644
143568,113631,291753,214055,4090,0,09:55:50.893273
143565,113629,291757,214064,4100,0,09:55:50.934114
143566,113633,291758,214059,4110,0,09:55:50.974286
143567,113640,291754,214058,4120,0,09:55:51.013660
143567,113636,291745,214056,4130,0,09:55:51.053981
143571,113639,291755,214058,4140,0,09:55:51.093642
143572,113635,291754,214053,4150,0,09:55:51.134296
143540,113634,291739,214040,4160,0,09:55:51.173625
143551,113639,291750,214053,4170,0,09:55:51.213259
143551,113633,291749,214051,4180,0,09:55:51.253609
143568,113636,291746,214051,4190,0,09:55:51.293421
143583,113643,291742,214045,4200,0,09:55:51.343612
143580,113637,291742,214052,4210,0,09:55:51.374295
143571,113640,291746,214051,4220,0,09:55:51.413631
143572,113636,291747,214050,4230,0,09:55:51.453952
143563,113634,291743,214055,4240,0,09:55:51.503640
143566,113638,291747,214056,4250,0,09:55:51.534290
143553,113633,291746,214050,4260,0,09:55:51.573214
143532,113620,291746,214054,4270,0,09:55:51.613460
143548,113628,291741,214041,4280,0,09:55:51.653605
143532,113632,291748,214059,4290,0,09:55:51.694291
143526,113622,291744,214050,4300,0,09:55:51.733631
143544,113623,291737,214043,4310,0,09:55:51.774290
143547,113632,291741,214049,4320,0,09:55:51.813629
143548,113627,291742,214041,4330,0,09:55:51.854287
143558,113635,291739,214047,4340,0,09:55:51.893839
143551,113624,291740,214044,4350,0,09:55:51.933198
143566,113643,291737,214044,4360,0,09:55:51.983066
143585,113632,291738,214052,4370,0,09:55:52.012985
143593,113627,291727,214039,4380,0,09:55:52.052937
143593,113635,291733,214041,4390,0,09:55:52.093160
143604,113639,291728,214038,4400,0,09:55:52.133619
143590,113637,291729,214047,4410,0,09:55:52.173115
143569,113621,291729,214040,4420,0,09:55:52.213621
143572,113629,291734,214044,4430,0,09:55:52.254243
143571,113632,291729,214035,4440,0,09:55:52.293604
143557,113621,291732,214046,4450,0,09:55:52.334261
143566,113625,291731,214036,4460,0,09:55:52.373950
143553,113622,291730,214043,4470,0,09:55:52.412911
143534,113626,291732,214042,4480,0,09:55:52.453622
143509,113618,291719,214033,4490,0,09:55:52.493286
143526,113623,291739,214038,4500,0,09:55:52.533616
143522,113616,291753,214044,4510,0,09:55:52.574297
143534,113622,291742,214039,4520,0,09:55:52.613620
143545,113624,291738,214042,4530,0,09:55:52.653418
143548,113622,291743,214044,4540,0,09:55:52.693590
143555,113625,291741,214041,4550,0,09:55:52.734287
143558,113634,291727,214042,4560,0,09:55:52.774576
143553,113627,291727,214040,4570,0,09:55:52.813256
143554,113622,291728,214036,4580,0,09:55:52.853580
145952,115510,291731,214039,4590,0,09:55:52.894285
149955,118657,291722,214032,4600,0,09:55:52.933629
149947,118644,291708,214035,4610,0,09:55:52.974255
149946,118643,291697,214036,4620,0,09:55:53.013598
149937,118641,291705,214033,4630,0,09:55:53.053404
149943,118645,291729,214038,4640,0,09:55:53.093627
149940,118643,291719,214033,4650,0,09:55:53.134255
149945,118645,291723,214033,4660,0,09:55:53.173602
149949,118647,291727,214035,4670,0,09:55:53.214286
149949,118648,291716,214036,4680,0,09:55:53.253666
149939,118635,291736,214038,4690,0,09:55:53.293463
149939,118639,291728,214028,4700,0,09:55:53.334289
149942,118646,291744,214048,4710,0,09:55:53.373746
149935,118638,291728,214038,4720,0,09:55:53.413668
149934,118641,291726,214038,4730,0,09:55:53.453271
149930,118632,291707,214033,4740,0,09:55:53.493667
149937,118637,291706,214028,4750,0,09:55:53.534256
149944,118644,291714,214031,4760,0,09:55:53.573643
149933,118633,291712,214030,4770,0,09:55:53.614288
149942,118640,291677,214028,4780,0,09:55:53.653660
149945,118646,291680,214030,4790,0,09:55:53.693467
149931,118632,291694,214024,4800,0,09:55:53.733647
149942,118642,291702,214027,4810,0,09:55:53.773544
149943,118641,291709,214028,4820,0,09:55:53.813664
149939,118641,291702,214026,4830,0,09:55:53.853961
149923,118625,291700,214023,4840,0,09:55:53.893361
149934,118633,291707,214026,4850,0,09:55:53.933354
149937,118640,291711,214025,4860,0,09:55:53.973665
149921,118624,291712,214031,4870,0,09:55:54.014253
149938,118642,291728,214029,4880,0,09:55:54.063014
149938,118640,291778,214035,4890,0,09:55:54.093581
149942,118639,291760,214025,4900,0,09:55:54.133320
149930,118631,291756,214023,4910,0,09:55:54.172886
149944,118641,291766,214034,4920,0,09:55:54.213704
149940,118642,291740,214031,4930,0,09:55:54.253570
149946,118648,291753,214031,4940,0,09:55:54.293780
149944,118641,291746,214034,4950,0,09:55:54.333616
149949,118647,291739,214036,4960,0,09:55:54.373660
149941,118641,291732,214030,4970,0,09:55:54.414272
149931,118631,291717,214023,4980,0,09:55:54.453651
149935,118634,291721,214032,4990,0,09:55:54.493357
149940,118640,291721,214030,5000,0,09:55:54.533618
149932,118630,291721,214037,5010,0,09:55:54.573838
149925,118620,291709,214028,5020,0,09:55:54.613456
149929,118629,291680,214030,5030,0,09:55:54.653928
149939,118636,291687,214032,5040,0,09:55:54.693690
149923,118628,291693,214024,5050,0,09:55:54.723602
149926,118630,291694,214023,5060,0,09:55:54.773601
149933,118628,291700,214018,5070,0,09:55:54.814252
149929,118630,291702,214026,5080,0,09:55:54.853599
149938,118639,291709,214029,5090,0,09:55:54.893275
152287,120509,291716,214029,5100,0,09:55:54.933636
156207,123634,291713,214029,5110,0,09:55:54.974266
156191,123615,291715,214027,5120,0,09:55:55.014077
156210,123637,291717,214030,5130,0,09:55:55.044387
156202,123629,291718,214025,5140,0,09:55:55.093265
156203,123629,291712,214022,5150,0,09:55:55.123609
156202,123628,291706,214020,5160,0,09:55:55.163589
156202,123627,291707,214015,5170,0,09:55:55.203483
156202,123633,291717,214030,5180,0,09:55:55.242874
156199,123630,291712,214028,5190,0,09:55:55.283520
156202,123632,291715,214019,5200,0,09:55:55.323768
156201,123624,291717,214025,5210,0,09:55:55.363787
156201,123628,291707,214020,5220,0,09:55:55.403681
156197,123620,291705,214019,5230,0,09:55:55.442923
156196,123616,291715,214024,5240,0,09:55:55.483539
156208,123630,291711,214028,5250,0,09:55:55.523544
156200,123624,291711,214020,5260,0,09:55:55.563440
156195,123618,291705,214014,5270,0,09:55:55.603541
156195,123620,291707,214015,5280,0,09:55:55.643580
156193,123619,291704,214013,5290,0,09:55:55.683581
156191,123619,291704,214018,5300,0,09:55:55.723587
156200,123628,291709,214019,5310,0,09:55:55.763588
156200,123626,291699,214012,5320,0,09:55:55.803571
156200,123621,291704,214017,5330,0,09:55:55.843582
156196,123617,291703,214020,5340,0,09:55:55.883524
156200,123620,291709,214021,5350,0,09:55:55.923585
156191,123615,291705,214020,5360,0,09:55:55.963550
156199,123621,291705,214017,5370,0,09:55:56.003561
156203,123624,291709,214024,5380,0,09:55:56.053592
156196,123613,291712,214021,5390,0,09:55:56.083601
156194,123615,291706,214013,5400,0,09:55:56.123577
156201,123620,291701,214013,5410,0,09:55:56.163355
156193,123613,291706,214020,5420,0,09:55:56.204601
156207,123629,291708,214021,5430,0,09:55:56.243616
156199,123626,291707,214020,5440,0,09:55:56.283628
156192,123620,291704,214021,5450,0,09:55:56.323573
156201,123630,291704,214022,5460,0,09:55:56.363622
156192,123618,291704,214015,5470,0,09:55:56.403003
156200,123621,291711,214022,5480,0,09:55:56.443521
156198,123624,291712,214023,5490,0,09:55:56.483416
156202,123624,291708,214022,5500,0,09:55:56.533279
156201,123624,291705,214020,5510,0,09:55:56.564196
156190,123618,291706,214024,5520,0,09:55:56.612068
156189,123616,291710,214019,5530,0,09:55:56.644157
156194,123622,291703,214019,5540,0,09:55:56.683569
156198,123619,291703,214013,5550,0,09:55:56.723586
156195,123619,291709,214015,5560,0,09:55:56.763340
156195,123619,291700,214013,5570,0,09:55:56.803562
156188,123609,291700,214018,5580,0,09:55:56.843567
156196,123621,291696,214007,5590,0,09:55:56.893993
156195,123616,291701,214014,5600,0,09:55:56.923597
158593,125496,291708,214021,5610,0,09:55:56.963021
162568,128623,291705,214012,5620,0,09:55:57.003869
162570,128624,291705,214016,5630,0,09:55:57.043618
162569,128622,291698,214014,5640,0,09:55:57.084578
162571,128626,291703,214013,5650,0,09:55:57.123612
162554,128610,291690,214004,5660,0,09:55:57.173270
162560,128612,291704,214008,5670,0,09:55:57.203569
162565,128619,291694,214013,5680,0,09:55:57.243587
162559,128615,291699,214015,5690,0,09:55:57.283566
162568,128617,291697,214009,5700,0,09:55:57.323584
162557,128607,291700,214011,5710,0,09:55:57.363619
162566,128621,291704,214012,5720,0,09:55:57.403594
162561,128621,291698,214004,5730,0,09:55:57.443637
162567,128623,291696,214008,5740,0,09:55:57.483130
162560,128618,291697,214009,5750,0,09:55:57.534256
162563,128624,291697,214009,5760,0,09:55:57.563650
162557,128617,291693,214008,5770,0,09:55:57.603614
162556,128614,291701,214015,5780,0,09:55:57.643541
162561,128619,291700,214009,5790,0,09:55:57.683640
162564,128625,291697,214008,5800,0,09:55:57.723623
162559,128617,291692,214005,5810,0,09:55:57.763616
162558,128619,291699,214013,5820,0,09:55:57.803627
162587,128637,291693,214009,5830,0,09:55:57.843522
162568,128627,291687,214000,5840,0,09:55:57.883418
162573,128627,291696,214011,5850,0,09:55:57.923630
162564,128620,291690,214015,5860,0,09:55:57.963919
162559,128617,291688,214013,5870,0,09:55:58.014265
162566,128616,291693,214014,5880,0,09:55:58.043608
162542,128602,291695,214017,5890,0,09:55:58.084645
162559,128617,291691,214012,5900,0,09:55:58.123603
162552,128610,291684,214007,5910,0,09:55:58.163554
162558,128616,291689,214005,5920,0,09:55:58.203600
162568,128620,291691,214008,5930,0,09:55:58.243609
162560,128621,291691,214004,5940,0,09:55:58.283640
162553,128608,291686,214001,5950,0,09:55:58.323649
162556,128613,291694,214008,5960,0,09:55:58.373615
162541,128601,291691,214012,5970,0,09:55:58.403629
162557,128613,291685,214003,5980,0,09:55:58.443644
162567,128622,291691,214003,5990,0,09:55:58.483749
162557,128613,291693,214001,6000,0,09:55:58.523698
162563,128619,291691,214005,6010,0,09:55:58.563709
162557,128613,291687,214003,6020,0,09:55:58.603641
162564,128622,291690,214007,6030,0,09:55:58.643772
162557,128613,291688,214001,6040,0,09:55:58.683787
162565,128608,291693,214007,6050,0,09:55:58.723675
162569,128615,291687,214003,6060,0,09:55:58.763598
162562,128611,291694,214010,6070,0,09:55:58.803462
162567,128618,291696,214007,6080,0,09:55:58.843120
162554,128611,291695,214008,6090,0,09:55:58.883072
162556,128611,291689,214003,6100,0,09:55:58.923628
162551,128606,291694,214005,6110,0,09:55:58.963615
165199,130686,291686,213996,6120,0,09:55:59.013616
169053,133715,291692,214002,6130,0,09:55:59.043722
169041,133719,291690,214001,6140,0,09:55:59.083597
169022,133707,291693,214005,6150,0,09:55:59.123229
169033,133712,291685,213998,6160,0,09:55:59.163628
169054,133704,291687,213998,6170,0,09:55:59.203598
169056,133715,291687,213992,6180,0,09:55:59.243640
169058,133710,291682,213996,6190,0,09:55:59.284191
169043,133700,291686,213993,6200,0,09:55:59.323458
169046,133705,291680,213992,6210,0,09:55:59.363152
169044,133710,291680,213994,6220,0,09:55:59.403612
169011,133697,291685,213997,6230,0,09:55:59.443625
169026,133698,291696,214011,6240,0,09:55:59.493652
169020,133696,291670,213986,6250,0,09:55:59.523412
169019,133708,291689,214000,6260,0,09:55:59.563588
169018,133697,291681,213996,6270,0,09:55:59.603601
169032,133709,291680,214002,6280,0,09:55:59.643588
169029,133698,291681,213996,6290,0,09:55:59.683625
169042,133714,291675,213993,6300,0,09:55:59.723571
169032,133707,291672,213992,6310,0,09:55:59.763579
169044,133709,291684,214003,6320,0,09:55:59.803849
169076,133700,291681,214002,6330,0,09:55:59.854255
169072,133709,291680,214004,6340,0,09:55:59.884577
169076,133705,291682,213996,6350,0,09:55:59.923571
169076,133712,291689,214002,6360,0,09:55:59.963586
169062,133708,291682,213998,6370,0,09:56:00.003738
169040,133696,291676,213980,6380,0,09:56:00.043417
169032,133693,291680,213992,6390,0,09:56:00.083592
169029,133693,291673,213984,6400,0,09:56:00.133575
169035,133701,291676,213988,6410,0,09:56:00.163413
168998,133704,291674,213990,6420,0,09:56:00.203802
168997,133694,291678,213990,6430,0,09:56:00.243575
168997,133694,291678,213987,6440,0,09:56:00.283562
169013,133699,291694,213994,6450,0,09:56:00.323484
169020,133706,291696,213998,6460,0,09:56:00.363550
169020,133705,291698,214000,6470,0,09:56:00.403570
169035,133710,291683,213988,6480,0,09:56:00.443591
169040,133710,291694,213995,6490,0,09:56:00.483571
169021,133690,291682,213990,6500,0,09:56:00.523565
169034,133700,291687,213991,6510,0,09:56:00.563542
169027,133703,291681,213996,6520,0,09:56:00.603914
169036,133707,291680,213992,6530,0,09:56:00.643575
169028,133700,291674,213995,6540,0,09:56:00.684560
169027,133697,291670,213984,6550,0,09:56:00.723543
169029,133697,291677,213998,6560,0,09:56:00.763577
169041,133701,291679,213992,6570,0,09:56:00.803547
169038,133698,291666,213993,6580,0,09:56:00.843597
169026,133693,291657,213986,6590,0,09:56:00.884542
169037,133701,291677,213991,6600,0,09:56:00.923621
169026,133699,291673,213990,6610,0,09:56:00.972920
169030,133705,291675,213998,6620,0,09:56:01.003872
171813,135900,291675,213998,6630,0,09:56:01.043730
175393,138722,291674,213992,6640,0,09:56:01.083106
175406,138727,291677,213991,6650,0,09:56:01.123569
175389,138712,291669,213985,6660,0,09:56:01.163607
175401,138723,291658,213992,6670,0,09:56:01.203788
175404,138722,291641,213985,6680,0,09:56:01.243587
175400,138719,291646,213985,6690,0,09:56:01.283584
175400,138717,291663,213986,6700,0,09:56:01.323578
175395,138715,291660,213990,6710,0,09:56:01.363564
175397,138715,291632,213986,6720,0,09:56:01.403791
175403,138716,291644,213987,6730,0,09:56:01.443588
175394,138713,291656,213987,6740,0,09:56:01.483775
175390,138712,291661,213993,6750,0,09:56:01.523608
175391,138713,291660,213990,6760,0,09:56:01.563629
175392,138711,291661,213984,6770,0,09:56:01.603744
175403,138725,291662,213983,6780,0,09:56:01.643590
175397,138717,291727,213992,6790,0,09:56:01.683587
175387,138706,291711,213990,6800,0,09:56:01.723625
175393,138713,291693,213976,6810,0,09:56:01.763626
175405,138724,291712,213988,6820,0,09:56:01.803637
175389,138706,291693,213984,6830,0,09:56:01.843659
175395,138714,291676,213977,6840,0,09:56:01.883610
175400,138717,291672,213981,6850,0,09:56:01.923911
175388,138711,291673,213989,6860,0,09:56:01.962806
175396,138713,291663,213985,6870,0,09:56:02.003779
175392,138710,291619,213977,6880,0,09:56:02.043630
175395,138709,291633,213975,6890,0,09:56:02.083612
175388,138709,291643,213983,6900,0,09:56:02.123635
175394,138711,291644,213978,6910,0,09:56:02.163387
175379,138699,291648,213985,6920,0,09:56:02.203794
175388,138709,291655,213981,6930,0,09:56:02.243630
175389,138706,291658,213979,6940,0,09:56:02.283620
175400,138714,291657,213973,6950,0,09:56:02.323594
175387,138707,291660,213982,6960,0,09:56:02.363590
175386,138712,291664,213982,6970,0,09:56:02.403589
175382,138702,291656,213980,6980,0,09:56:02.443646
175390,138713,291660,213983,6990,0,09:56:02.483618
175384,138707,291662,213988,7000,0,09:56:02.523610
175392,138720,291651,213978,7010,0,09:56:02.574189
175381,138706,291654,213980,7020,0,09:56:02.603663
175381,138709,291653,213983,7030,0,09:56:02.643632
175385,138710,291647,213978,7040,0,09:56:02.683547
175389,138713,291651,213977,7050,0,09:56:02.723614
175388,138715,291651,213982,7060,0,09:56:02.763613
175381,138708,291654,213982,7070,0,09:56:02.813061
175385,138710,291655,213981,7080,0,09:56:02.843604
175380,138709,291649,213969,7090,0,09:56:02.883653
175387,138708,291655,213974,7100,0,09:56:02.923650
175383,138710,291653,213973,7110,0,09:56:02.963626
175380,138705,291661,213983,7120,0,09:56:03.003632
175373,138699,291641,213962,7130,0,09:56:03.043606
178170,140881,291654,213972,7140,0,09:56:03.083131
181760,143689,291653,213975,7150,0,09:56:03.123617
181739,143672,291650,213976,7160,0,09:56:03.163775
181754,143686,291649,213974,7170,0,09:56:03.203142
181754,143686,291647,213973,7180,0,09:56:03.243035
181755,143687,291651,213979,7190,0,09:56:03.283925
181738,143667,291648,213971,7200,0,09:56:03.323377
181744,143675,291643,213977,7210,0,09:56:03.363064
181741,143674,291651,213983,7220,0,09:56:03.403639
181737,143667,291645,213978,7230,0,09:56:03.443582
181741,143666,291646,213975,7240,0,09:56:03.484139
181744,143677,291651,213977,7250,0,09:56:03.523590
181753,143682,291652,213982,7260,0,09:56:03.563809
181741,143677,291649,213973,7270,0,09:56:03.603582
181759,143695,291654,213980,7280,0,09:56:03.653566
181748,143682,291648,213972,7290,0,09:56:03.683489
181761,143693,291648,213975,7300,0,09:56:03.723589
181754,143692,291641,213972,7310,0,09:56:03.763715
181751,143681,291647,213972,7320,0,09:56:03.803386
181746,143684,291650,213976,7330,0,09:56:03.843593
181744,143671,291641,213968,7340,0,09:56:03.884594
181747,143679,291643,213976,7350,0,09:56:03.923579
181749,143685,291648,213974,7360,0,09:56:03.964215
181742,143676,291640,213970,7370,0,09:56:04.003559
181739,143676,291646,213971,7380,0,09:56:04.043568
181730,143664,291639,213961,7390,0,09:56:04.084559
181740,143673,291639,213967,7400,0,09:56:04.123552
181742,143673,291639,213963,7410,0,09:56:04.163576
181728,143663,291640,213964,7420,0,09:56:04.203644
181759,143687,291647,213971,7430,0,09:56:04.243873
181737,143665,291644,213967,7440,0,09:56:04.284612
181739,143669,291638,213969,7450,0,09:56:04.323543
181738,143666,291640,213968,7460,0,09:56:04.363561
181748,143686,291645,213969,7470,0,09:56:04.403420
181739,143672,291637,213964,7480,0,09:56:04.443463
181748,143682,291633,213964,7490,0,09:56:04.484594
181750,143680,291642,213973,7500,0,09:56:04.523536
181735,143665,291642,213964,7510,0,09:56:04.563556
181745,143674,291642,213974,7520,0,09:56:04.603621
181732,143663,291635,213965,7530,0,09:56:04.644060
181739,143667,291647,213971,7540,0,09:56:04.683783
181738,143672,291641,213965,7550,0,09:56:04.723330
181734,143665,291645,213965,7560,0,09:56:04.763597
181745,143678,291646,213971,7570,0,09:56:04.803664
181742,143674,291645,213971,7580,0,09:56:04.844370
181745,143677,291644,213973,7590,0,09:56:04.883586
181744,143675,291656,213976,7600,0,09:56:04.923249
181747,143677,291649,213972,7610,0,09:56:04.963568
181747,143669,291643,213961,7620,0,09:56:05.003821
181743,143670,291638,213959,7630,0,09:56:05.043139
181744,143674,291641,213970,7640,0,09:56:05.083599
184447,145801,291639,213964,7650,0,09:56:05.123474
187919,148525,291643,213967,7660,0,09:56:05.163592
187918,148530,291640,213964,7670,0,09:56:05.203605
187924,148530,291646,213973,7680,0,09:56:05.244210
187908,148513,291642,213962,7690,0,09:56:05.283588
187916,148524,291638,213963,7700,0,09:56:05.323684
187908,148515,291641,213963,7710,0,09:56:05.363552
187916,148516,291647,213975,7720,0,09:56:05.403550
187913,148522,291636,213959,7730,0,09:56:05.443533
187925,148524,291650,213968,7740,0,09:56:05.483426
187922,148526,291639,213962,7750,0,09:56:05.533294
187911,148521,291639,213963,7760,0,09:56:05.563213
187919,148522,291634,213962,7770,0,09:56:05.603107
187921,148526,291637,213962,7780,0,09:56:05.643483
187917,148521,291636,213960,7790,0,09:56:05.683503
187918,148524,291638,213965,7800,0,09:56:05.723773
187915,148523,291641,213968,7810,0,09:56:05.773526
187919,148524,291637,213967,7820,0,09:56:05.803515
187917,148523,291635,213959,7830,0,09:56:05.843614
187916,148520,291639,213969,7840,0,09:56:05.884189
187912,148522,291639,213965,7850,0,09:56:05.923516
187920,148525,291642,213969,7860,0,09:56:05.963532
187909,148512,291640,213967,7870,0,09:56:06.013409
187916,148522,291633,213960,7880,0,09:56:06.043567
187908,148516,291625,213953,7890,0,09:56:06.083561
187919,148528,291632,213962,7900,0,09:56:06.123585
187902,148511,291631,213960,7910,0,09:56:06.163546
187910,148514,291638,213962,7920,0,09:56:06.203571
187920,148529,291632,213955,7930,0,09:56:06.243582
187915,148520,291630,213952,7940,0,09:56:06.283442
187922,148512,291632,213957,7950,0,09:56:06.323592
187911,148501,291637,213962,7960,0,09:56:06.363212
187922,148516,291631,213961,7970,0,09:56:06.413295
187912,148512,291626,213948,7980,0,09:56:06.444222
187905,148507,291627,213952,7990,0,09:56:06.483583
187904,148511,291627,213953,8000,0,09:56:06.523510
187912,148519,291629,213956,8010,0,09:56:06.562937
187913,148512,291630,213953,8020,0,09:56:06.602993
187905,148513,291634,213956,8030,0,09:56:06.643575
187892,148506,291637,213965,8040,0,09:56:06.684222
187892,148521,291634,213968,8050,0,09:56:06.734574
187887,148508,291633,213965,8060,0,09:56:06.763215
187908,148520,291631,213961,8070,0,09:56:06.804459
187917,148523,291634,213960,8080,0,09:56:06.844255
187902,148508,291635,213965,8090,0,09:56:06.893541
187904,148511,291632,213968,8100,0,09:56:06.923221
187918,148524,291639,213969,8110,0,09:56:06.963162
187917,148520,291630,213962,8120,0,09:56:07.003545
187911,148518,291623,213955,8130,0,09:56:07.043579
187898,148516,291634,213959,8140,0,09:56:07.084025
187874,148504,291620,213948,8150,0,09:56:07.123469
190760,150743,291638,213962,8160,0,09:56:07.163378
194460,153586,291636,213962,8170,0,09:56:07.203578
194464,153587,291645,213965,8180,0,09:56:07.243235
194462,153594,291634,213953,8190,0,09:56:07.293572
194476,153584,291637,213964,8200,0,09:56:07.323215
194468,153582,291633,213958,8210,0,09:56:07.363578
194479,153587,291641,213960,8220,0,09:56:07.403698
194472,153580,291628,213950,8230,0,09:56:07.443599
194468,153575,291636,213962,8240,0,09:56:07.484130
194504,153586,291632,213956,8250,0,09:56:07.523552
194526,153593,291633,213961,8260,0,09:56:07.563431
194502,153575,291637,213962,8270,0,09:56:07.603592
194500,153581,291632,213966,8280,0,09:56:07.643205
194519,153585,291635,213963,8290,0,09:56:07.693434
194518,153587,291626,213956,8300,0,09:56:07.723351
194483,153582,291628,213954,8310,0,09:56:07.763735
194487,153585,291634,213962,8320,0,09:56:07.803183
194496,153597,291641,213963,8330,0,09:56:07.843599
194479,153587,291635,213965,8340,0,09:56:07.883561
194456,153576,291633,213962,8350,0,09:56:07.922960
194443,153589,291646,213974,8360,0,09:56:07.962853
194445,153592,291635,213964,8370,0,09:56:08.003574
194446,153582,291649,213961,8380,0,09:56:08.043637
194458,153591,291652,213966,8390,0,09:56:08.083645
194461,153583,291654,213964,8400,0,09:56:08.123242
194474,153591,291644,213956,8410,0,09:56:08.163568
194476,153594,291649,213970,8420,0,09:56:08.203590
194468,153581,291651,213969,8430,0,09:56:08.243597
194469,153577,291638,213965,8440,0,09:56:08.284174
194475,153581,291637,213967,8450,0,09:56:08.323547
194482,153584,291638,213964,8460,0,09:56:08.364142
194465,153576,291632,213963,8470,0,09:56:08.403556
194477,153585,291620,213961,8480,0,09:56:08.453553
194469,153572,291603,213957,8490,0,09:56:08.483561
194480,153586,291604,213962,8500,0,09:56:08.534290
194465,153570,291621,213960,8510,0,09:56:08.573558
194471,153580,291601,213963,8520,0,09:56:08.613695
194463,153571,291637,213960,8530,0,09:56:08.653512
194472,153585,291635,213961,8540,0,09:56:08.684212
194450,153564,291644,213966,8550,0,09:56:08.723568
194463,153574,291637,213963,8560,0,09:56:08.763996
194464,153577,291639,213964,8570,0,09:56:08.813311
194480,153590,291614,213968,8580,0,09:56:08.843287
194454,153563,291626,213961,8590,0,09:56:08.883396
194478,153582,291623,213962,8600,0,09:56:08.933522
194468,153579,291602,213960,8610,0,09:56:08.963567
194470,153576,291625,213962,8620,0,09:56:09.003698
194464,153571,291623,213961,8630,0,09:56:09.043595
194473,153582,291621,213957,8640,0,09:56:09.093587
194474,153578,291631,213966,8650,0,09:56:09.123590
194465,153572,291627,213952,8660,0,09:56:09.164250
197324,155755,291679,213961,8670,0,09:56:09.203604
200998,158537,291679,213958,8680,0,09:56:09.243227
200987,158529,291669,213954,8690,0,09:56:09.284590
201000,158533,291665,213952,8700,0,09:56:09.324207
200987,158528,291663,213953,8710,0,09:56:09.363618
200996,158530,291645,213953,8720,0,09:56:09.404226
200992,158532,291635,213953,8730,0,09:56:09.443598
200986,158527,291631,213947,8740,0,09:56:09.483456
200999,158534,291622,213951,8750,0,09:56:09.523606
200990,158527,291623,213950,8760,0,09:56:09.564211
200995,158535,291588,213948,8770,0,09:56:09.603567
200988,158528,291579,213949,8780,0,09:56:09.643206
201004,158535,291594,213948,8790,0,09:56:09.683580
200993,158527,291605,213947,8800,0,09:56:09.724245
200995,158529,291614,213954,8810,0,09:56:09.763448
200987,158527,291620,213960,8820,0,09:56:09.813974
200995,158535,291617,213956,8830,0,09:56:09.853790
200986,158531,291623,213955,8840,0,09:56:09.884204
200978,158534,291612,213952,8850,0,09:56:09.923224
200992,158535,291618,213952,8860,0,09:56:09.963100
200988,158529,291622,213955,8870,0,09:56:10.013964
200993,158533,291619,213955,8880,0,09:56:10.053859
200986,158527,291620,213949,8890,0,09:56:10.083250
200987,158538,291618,213947,8900,0,09:56:10.133337
200983,158531,291613,213948,8910,0,09:56:10.163568
200984,158525,291614,213943,8920,0,09:56:10.204234
200966,158512,291623,213948,8930,0,09:56:10.263156
200987,158529,291617,213952,8940,0,09:56:10.293550
200984,158522,291616,213945,8950,0,09:56:10.323590
200979,158528,291624,213959,8960,0,09:56:10.364286
200987,158525,291618,213956,8970,0,09:56:10.403568
200974,158515,291616,213950,8980,0,09:56:10.444121
200981,158523,291614,213947,8990,0,09:56:10.483548
200986,158529,291619,213954,9000,0,09:56:10.524235
200995,158539,291619,213953,9010,0,09:56:10.563556
200992,158537,291610,213946,9020,0,09:56:10.603905
200981,158524,291614,213950,9030,0,09:56:10.643576
200981,158520,291613,213944,9040,0,09:56:10.684230
200981,158523,291614,213947,9050,0,09:56:10.723014
200981,158519,291621,213947,9060,0,09:56:10.763201
200977,158519,291615,213945,9070,0,09:56:10.803461
200977,158522,291616,213951,9080,0,09:56:10.844260
200972,158517,291616,213948,9090,0,09:56:10.884118
200998,158542,291619,213952,9100,0,09:56:10.923538
200980,158523,291619,213947,9110,0,09:56:10.963548
200971,158518,291616,213948,9120,0,09:56:11.004214
200973,158515,291610,213939,9130,0,09:56:11.044551
200979,158528,291608,213941,9140,0,09:56:11.084203
200977,158522,291610,213947,9150,0,09:56:11.123600
200972,158516,291603,213939,9160,0,09:56:11.164269
200972,158521,291607,213946,9170,0,09:56:11.203560
200975,158522,291603,213935,9180,0,09:56:11.244259
200980,158526,291599,213936,9190,0,09:56:11.284591
200960,158509,291596,213933,9200,0,09:56:11.323291
200977,158525,291604,213935,9210,0,09:56:11.363564
200965,158506,291604,213931,9220,0,09:56:11.404237
200971,158507,291608,213935,9230,0,09:56:11.443558
200973,158515,291603,213941,9240,0,09:56:11.483232
200974,158517,291606,213936,9250,0,09:56:11.523553
200983,158517,291603,213938,9260,0,09:56:11.564230
200976,158516,291597,213931,9270,0,09:56:11.603426
200986,158521,291611,213940,9280,0,09:56:11.644198
200972,158513,291604,213933,9290,0,09:56:11.683591
200970,158512,291601,213939,9300,0,09:56:11.734561
200973,158513,291604,213936,9310,0,09:56:11.763563
200970,158510,291606,213939,9320,0,09:56:11.803200
200969,158512,291601,213937,9330,0,09:56:11.843613
200972,158516,291597,213933,9340,0,09:56:11.885930
200968,158516,291603,213940,9350,0,09:56:11.923616
200967,158512,291597,213941,9360,0,09:56:11.963230
200965,158513,291601,213946,9370,0,09:56:12.003604
200969,158514,291598,213942,9380,0,09:56:12.044257
200965,158510,291595,213932,9390,0,09:56:12.084414
200980,158522,291606,213939,9400,0,09:56:12.113554
200981,158520,291606,213941,9410,0,09:56:12.163509
200963,158511,291594,213929,9420,0,09:56:12.203238
200974,158514,291604,213936,9430,0,09:56:12.243347
200970,158513,291602,213939,9440,0,09:56:12.284238
200958,158503,291597,213933,9450,0,09:56:12.323511
200954,158496,291598,213932,9460,0,09:56:12.353432
200960,158507,291596,213934,9470,0,09:56:12.393775
200958,158504,291594,213929,9480,0,09:56:12.434573
200972,158512,291594,213934,9490,0,09:56:12.483569
200972,158518,291598,213929,9500,0,09:56:12.513567
200968,158516,291596,213933,9510,0,09:56:12.553568
200962,158503,291599,213932,9520,0,09:56:12.593595
200971,158515,291602,213935,9530,0,09:56:12.634544
200960,158505,291598,213929,9540,0,09:56:12.673531
200973,158513,291603,213928,9550,0,09:56:12.713485
200952,158500,291597,213927,9560,0,09:56:12.753570
200965,158507,291604,213939,9570,0,09:56:12.794086
200972,158513,291597,213931,9580,0,09:56:12.833568
200973,158515,291596,213927,9590,0,09:56:12.873547
200975,158520,291592,213926,9600,0,09:56:12.913569
200969,158515,291589,213931,9610,0,09:56:12.953602
200968,158511,291591,213927,9620,0,09:56:12.993752
200949,158498,291593,213932,9630,0,09:56:13.033577
200957,158498,291597,213933,9640,0,09:56:13.073595
200957,158508,291597,213929,9650,0,09:56:13.113617
200970,158516,291596,213931,9660,0,09:56:13.153604
200957,158507,291586,213921,9670,0,09:56:13.194017
200972,158513,291596,213934,9680,0,09:56:13.243193
200956,158497,291602,213931,9690,0,09:56:13.273607
200962,158497,291600,213926,9700,0,09:56:13.313579
200960,158503,291596,213931,9710,0,09:56:13.353588
200968,158511,291596,213934,9720,0,09:56:13.393592
200964,158501,291598,213938,9730,0,09:56:13.434593
200962,158505,291593,213933,9740,0,09:56:13.473838
200960,158502,291590,213934,9750,0,09:56:13.513596
200964,158507,291592,213934,9760,0,09:56:13.553621
200945,158489,291590,213930,9770,0,09:56:13.593593
200957,158502,291597,213935,9780,0,09:56:13.633590
200959,158502,291597,213929,9790,0,09:56:13.673598
200958,158501,291591,213929,9800,0,09:56:13.713587
200952,158501,291590,213924,9810,0,09:56:13.753572
200969,158512,291587,213926,9820,0,09:56:13.799752
200959,158505,291591,213925,9830,0,09:56:13.834659
200956,158502,291589,213926,9840,0,09:56:13.873606
200965,158504,291588,213924,9850,0,09:56:13.913607
200957,158491,291590,213921,9860,0,09:56:13.953602
200956,158494,291586,213914,9870,0,09:56:13.993599
200942,158485,291587,213915,9880,0,09:56:14.033265
200955,158505,291582,213920,9890,0,09:56:14.073694
200942,158489,291587,213923,9900,0,09:56:14.113593
200958,158497,291589,213924,9910,0,09:56:14.153630
200953,158499,291590,213923,9920,0,09:56:14.203565
200960,158507,291586,213924,9930,0,09:56:14.233949
200959,158494,291588,213925,9940,0,09:56:14.273616
200965,158493,291584,213919,9950,0,09:56:14.313589
200978,158501,291585,213924,9960,0,09:56:14.353596
200965,158494,291586,213923,9970,0,09:56:14.393595
200964,158497,291590,213923,9980,0,09:56:14.433785
200960,158504,291584,213927,9990,0,09:56:14.473295
200951,158492,291592,213929,10000,0,09:56:14.513186
200946,158484,291597,213931,10010,0,09:56:14.553081
200961,158492,291589,213918,10020,0,09:56:14.593498
200956,158500,291591,213922,10030,0,09:56:14.633623
200943,158491,291598,213929,10040,0,09:56:14.673595
200944,158494,291591,213930,10050,0,09:56:14.713611
200942,158499,291583,213918,10060,0,09:56:14.753591
200938,158498,291593,213924,10070,0,09:56:14.793566
200947,158498,291592,213928,10080,0,09:56:14.833568
200947,158491,291587,213924,10090,0,09:56:14.873834
200972,158509,291591,213923,10100,0,09:56:14.913589
200968,158507,291584,213923,10110,0,09:56:14.953795
200947,158488,291586,213925,10120,0,09:56:14.993599
200955,158499,291585,213923,10130,0,09:56:15.034599
200943,158490,291577,213918,10140,0,09:56:15.073580
200949,158496,291585,213922,10150,0,09:56:15.113610
200932,158502,291580,213925,10160,0,09:56:15.153603
200944,158495,291580,213922,10170,0,09:56:15.193560
200943,158496,291581,213919,10180,0,09:56:15.233606
200913,158485,291579,213919,10190,0,09:56:15.273600
200929,158489,291580,213920,10200,0,09:56:15.313603
200938,158495,291583,213924,10210,0,09:56:15.353566
200944,158495,291584,213917,10220,0,09:56:15.393789
200941,158490,291578,213912,10230,0,09:56:15.433605
200941,158492,291573,213910,10240,0,09:56:15.473569
200948,158496,291575,213914,10250,0,09:56:15.513378
200954,158490,291584,213923,10260,0,09:56:15.553570
200982,158488,291582,213919,10270,0,09:56:15.593957
200976,158492,291578,213914,10280,0,09:56:15.633603
200986,158488,291581,213921,10290,0,09:56:15.673594
200983,158499,291578,213916,10300,0,09:56:15.713583
200965,158484,291579,213917,10310,0,09:56:15.753589
200958,158489,291584,213920,10320,0,09:56:15.793570
200961,158501,291578,213915,10330,0,09:56:15.833613
200934,158481,291576,213907,10340,0,09:56:15.873024
200924,158480,291578,213916,10350,0,09:56:15.913580
200907,158490,291575,213912,10360,0,09:56:15.953401
200914,158489,291579,213910,10370,0,09:56:15.993579
200903,158474,291585,213917,10380,0,09:56:16.033621
200923,158481,291604,213917,10390,0,09:56:16.073561
200932,158487,291593,213917,10400,0,09:56:16.113560
200944,158491,291589,213913,10410,0,09:56:16.152878
200931,158479,291577,213910,10420,0,09:56:16.193591
200939,158490,291597,213924,10430,0,09:56:16.234613
200938,158479,291578,213909,10440,0,09:56:16.273606
200931,158475,291583,213917,10450,0,09:56:16.313555
200942,158485,291581,213914,10460,0,09:56:16.353549
200943,158486,291588,213919,10470,0,09:56:16.393723
200948,158490,291584,213916,10480,0,09:56:16.433617
200948,158489,291554,213915,10490,0,09:56:16.473510
200944,158487,291574,213917,10500,0,09:56:16.514127
200934,158479,291592,213918,10510,0,09:56:16.554021
200936,158488,291583,213919,10520,0,09:56:16.593913
200931,158482,291593,213919,10530,0,09:56:16.633620
200934,158485,291579,213917,10540,0,09:56:16.673614
200929,158475,291588,213918,10550,0,09:56:16.714003
200937,158484,291586,213916,10560,0,09:56:16.753593
200926,158472,291557,213915,10570,0,09:56:16.793486
200942,158487,291560,213910,10580,0,09:56:16.833807
200934,158487,291559,213904,10590,0,09:56:16.873438
200923,158475,291564,213907,10600,0,09:56:16.913248
200928,158479,291532,213911,10610,0,09:56:16.953551
200939,158484,291551,213918,10620,0,09:56:16.993549
200928,158473,291555,213910,10630,0,09:56:17.034063
200934,158480,291561,213912,10640,0,09:56:17.073506
200937,158477,291570,213915,10650,0,09:56:17.113557
200934,158484,291573,213916,10660,0,09:56:17.163211
200929,158478,291576,213914,10670,0,09:56:17.193091
200927,158476,291586,213910,10680,0,09:56:17.234204
200939,158486,291640,213921,10690,0,09:56:17.273541
200922,158468,291626,213918,10700,0,09:56:17.313542
200921,158470,291625,213915,10710,0,09:56:17.353529
200931,158483,291614,213924,10720,0,09:56:17.393511
200932,158481,291603,213923,10730,0,09:56:17.433553
200926,158481,291585,213921,10740,0,09:56:17.473538
200932,158479,291577,213918,10750,0,09:56:17.514074
200938,158489,291573,213908,10760,0,09:56:17.553752
200938,158485,291573,213914,10770,0,09:56:17.593403
200926,158479,291534,213905,10780,0,09:56:17.634587
200935,158481,291542,213913,10790,0,09:56:17.673517
200932,158485,291541,213907,10800,0,09:56:17.713518
200929,158474,291554,213907,10810,0,09:56:17.753485
200936,158483,291559,213906,10820,0,09:56:17.793701
200912,158462,291561,213904,10830,0,09:56:17.834557
200924,158471,291567,213910,10840,0,09:56:17.873532
200928,158471,291563,213900,10850,0,09:56:17.913527
200920,158465,291564,213901,10860,0,09:56:17.953557
200930,158475,291563,213901,10870,0,09:56:17.993726
200933,158477,291561,213898,10880,0,09:56:18.033619
200933,158476,291573,213910,10890,0,09:56:18.073979
200956,158498,291587,213927,10900,0,09:56:18.124173
200949,158487,291587,213929,10910,0,09:56:18.153794
200946,158485,291594,213930,10920,0,09:56:18.193537
200933,158479,291591,213931,10930,0,09:56:18.233575
200943,158491,291585,213923,10940,0,09:56:18.274117
200936,158479,291583,213923,10950,0,09:56:18.313544
200942,158490,291585,213925,10960,0,09:56:18.353548
200949,158492,291586,213924,10970,0,09:56:18.393591
200944,158491,291578,213917,10980,0,09:56:18.433085
200946,158491,291579,213915,10990,0,09:56:18.473540
200933,158483,291583,213915,11000,0,09:56:18.513462
200933,158483,291575,213913,11010,0,09:56:18.553558
200921,158472,291566,213902,11020,0,09:56:18.593550
200924,158476,291559,213903,11030,0,09:56:18.633752
200917,158470,291555,213899,11040,0,09:56:18.673490
200920,158473,291562,213904,11050,0,09:56:18.713578
200908,158466,291555,213900,11060,0,09:56:18.753485
200918,158470,291555,213893,11070,0,09:56:18.793566
200917,158469,291557,213897,11080,0,09:56:18.834101
200911,158459,291557,213896,11090,0,09:56:18.873578
200921,158466,291554,213899,11100,0,09:56:18.923677
200920,158470,291565,213907,11110,0,09:56:18.953449
200916,158470,291564,213906,11120,0,09:56:18.993851
200911,158467,291556,213900,11130,0,09:56:19.033746
200916,158476,291564,213913,11140,0,09:56:19.073072
200914,158469,291564,213917,11150,0,09:56:19.113161
200921,158474,291566,213911,11160,0,09:56:19.163204
200983,158525,291616,213956,11170,0,09:56:19.193601
200868,158435,291533,213880,11180,0,09:56:19.233559
200881,158442,291533,213883,11190,0,09:56:19.273584
200860,158421,291507,213852,11200,0,09:56:19.313505
200872,158428,291517,213860,11210,0,09:56:19.353480
200855,158418,291506,213854,11220,0,09:56:19.393553
200849,158414,291498,213849,11230,0,09:56:19.433283
200855,158415,291502,213846,11240,0,09:56:19.473543
200855,158419,291498,213847,11250,0,09:56:19.513546
200849,158413,291494,213840,11260,0,09:56:19.553570
200844,158409,291498,213840,11270,0,09:56:19.593301
200855,158422,291496,213844,11280,0,09:56:19.633530
200847,158412,291492,213836,11290,0,09:56:19.674099
200851,158409,291493,213839,11300,0,09:56:19.713551
200844,158407,291498,213849,11310,0,09:56:19.753585
200853,158415,291485,213829,11320,0,09:56:19.793558
200849,158411,291490,213841,11330,0,09:56:19.833973
200846,158408,291489,213844,11340,0,09:56:19.873577
200843,158405,291482,213841,11350,0,09:56:19.913673
200841,158409,291489,213842,11360,0,09:56:19.953542
200850,158417,291487,213836,11370,0,09:56:19.993544
200843,158410,291496,213838,11380,0,09:56:20.034576
200838,158403,291482,213830,11390,0,09:56:20.073365
200846,158412,291481,213830,11400,0,09:56:20.113583
200853,158418,291491,213841,11410,0,09:56:20.153777
200838,158403,291484,213831,11420,0,09:56:20.193558
200838,158402,291482,213832,11430,0,09:56:20.233555
200848,158410,291481,213828,11440,0,09:56:20.273572
200840,158404,291481,213824,11450,0,09:56:20.313010
200841,158401,291482,213825,11460,0,09:56:20.353569
200833,158400,291487,213840,11470,0,09:56:20.393532
200843,158407,291483,213832,11480,0,09:56:20.434585
200844,158414,291480,213825,11490,0,09:56:20.473558
200848,158414,291484,213836,11500,0,09:56:20.513583
200839,158407,291478,213822,11510,0,09:56:20.553455
200850,158414,291476,213824,11520,0,09:56:20.593583
200842,158414,291479,213834,11530,0,09:56:20.634565
200839,158397,291479,213832,11540,0,09:56:20.673553
200841,158404,291488,213832,11550,0,09:56:20.713575
200840,158400,291483,213829,11560,0,09:56:20.753562
200848,158412,291484,213832,11570,0,09:56:20.793570
200842,158411,291483,213839,11580,0,09:56:20.834585
200843,158406,291487,213834,11590,0,09:56:20.873562
200829,158393,291486,213830,11600,0,09:56:20.913559
200840,158407,291483,213832,11610,0,09:56:20.953542
200850,158413,291486,213835,11620,0,09:56:20.993673
200841,158406,291482,213831,11630,0,09:56:21.033084
200846,158408,291483,213832,11640,0,09:56:21.073562
200851,158414,291480,213834,11650,0,09:56:21.113538
200821,158388,291484,213841,11660,0,09:56:21.153568
200828,158399,291479,213834,11670,0,09:56:21.193133
200835,158408,291480,213830,11680,0,09:56:21.234024
200834,158400,291475,213826,11690,0,09:56:21.273918
200853,158418,291478,213824,11700,0,09:56:21.312980
200833,158399,291479,213833,11710,0,09:56:21.353570
200835,158397,291480,213832,11720,0,09:56:21.393526
200839,158408,291475,213831,11730,0,09:56:21.434564
200835,158406,291479,213830,11740,0,09:56:21.473551
200847,158400,291478,213828,11750,0,09:56:21.513526
200852,158407,291473,213831,11760,0,09:56:21.553439
200850,158404,291473,213829,11770,0,09:56:21.593516
200850,158412,291469,213820,11780,0,09:56:21.633530
200835,158400,291470,213816,11790,0,09:56:21.673523
200845,158403,291477,213826,11800,0,09:56:21.713368
200856,158414,291469,213820,11810,0,09:56:21.753518
200839,158404,291473,213815,11820,0,09:56:21.793507
200840,158404,291472,213817,11830,0,09:56:21.843692
200845,158406,291478,213814,11840,0,09:56:21.873514
200820,158399,291473,213818,11850,0,09:56:21.913087
200816,158402,291479,213823,11860,0,09:56:21.953506
200820,158393,291471,213822,11870,0,09:56:21.993519
200847,158394,291475,213818,11880,0,09:56:22.034530
200843,158409,291475,213826,11890,0,09:56:22.073545
200848,158406,291470,213822,11900,0,09:56:22.114474
200851,158404,291483,213832,11910,0,09:56:22.153489
200815,158383,291470,213824,11920,0,09:56:22.193487
200844,158406,291472,213827,11930,0,09:56:22.234485
200848,158406,291470,213826,11940,0,09:56:22.273489
200804,158396,291478,213828,11950,0,09:56:22.313487
200807,158391,291477,213838,11960,0,09:56:22.353509
200835,158415,291478,213830,11970,0,09:56:22.394459
200817,158406,291480,213830,11980,0,09:56:22.434507
200817,158400,291464,213814,11990,0,09:56:22.473743
200827,158403,291481,213831,12000,0,09:56:22.513915
200843,158404,291475,213814,12010,0,09:56:22.553551
200835,158402,291472,213824,12020,0,09:56:22.593472
200835,158402,291468,213818,12030,0,09:56:22.634507
200866,158400,291472,213824,12040,0,09:56:22.673509
200876,158400,291472,213827,12050,0,09:56:22.713576
200863,158397,291463,213816,12060,0,09:56:22.753388
200862,158399,291477,213822,12070,0,09:56:22.793538
200869,158401,291473,213825,12080,0,09:56:22.834545
200860,158394,291472,213822,12090,0,09:56:22.873882
200847,158395,291468,213822,12100,0,09:56:22.913537
200840,158390,291472,213821,12110,0,09:56:22.953542
200830,158390,291477,213828,12120,0,09:56:22.993521
200830,158389,291474,213822,12130,0,09:56:23.033522
200823,158396,291477,213824,12140,0,09:56:23.073516
200788,158396,291477,213823,12150,0,09:56:23.113342
200797,158397,291486,213826,12160,0,09:56:23.154326
200803,158392,291475,213812,12170,0,09:56:23.193534
200817,158397,291495,213824,12180,0,09:56:23.233583
200820,158393,291483,213819,12190,0,09:56:23.273561
200824,158394,291475,213818,12200,0,09:56:23.313537
200820,158392,291470,213818,12210,0,09:56:23.353540
200827,158393,291470,213819,12220,0,09:56:23.393844
200834,158402,291471,213819,12230,0,09:56:23.433288
200817,158384,291469,213812,12240,0,09:56:23.473084
200830,158393,291455,213820,12250,0,09:56:23.522952
200823,158394,291469,213818,12260,0,09:56:23.563616
200829,158393,291445,213814,12270,0,09:56:23.593521
200825,158392,291439,213815,12280,0,09:56:23.633151
200822,158387,291474,213822,12290,0,09:56:23.673529
200821,158391,291471,213830,12300,0,09:56:23.713554
200826,158392,291469,213819,12310,0,09:56:23.753567
200817,158386,291472,213818,12320,0,09:56:23.794469
200817,158391,291484,213824,12330,0,09:56:23.833407
200822,158393,291477,213824,12340,0,09:56:23.873538
200802,158377,291469,213819,12350,0,09:56:23.913566
200811,158383,291450,213822,12360,0,09:56:23.953572
200828,158393,291451,213820,12370,0,09:56:23.993662
200812,158386,291444,213818,12380,0,09:56:24.034056
200832,158401,291449,213823,12390,0,09:56:24.073579
200822,158389,291440,213820,12400,0,09:56:24.113549
200814,158387,291445,213814,12410,0,09:56:24.153534
200813,158384,291464,213824,12420,0,09:56:24.202888
200808,158377,291458,213816,12430,0,09:56:24.233806
200821,158389,291470,213820,12440,0,09:56:24.273512
200816,158384,291508,213814,12450,0,09:56:24.312908
200811,158379,291516,213822,12460,0,09:56:24.353570
200828,158390,291501,213818,12470,0,09:56:24.403528
200815,158383,291518,213810,12480,0,09:56:24.434158
200813,158383,291495,213823,12490,0,09:56:24.474576
200826,158398,291479,213814,12500,0,09:56:24.513757
200825,158397,291477,213820,12510,0,09:56:24.553072
200818,158391,291466,213816,12520,0,09:56:24.593226
200796,158375,291454,213814,12530,0,09:56:24.634313
200826,158398,291446,213816,12540,0,09:56:24.673544
200825,158396,291414,213812,12550,0,09:56:24.713551
200810,158387,291429,213811,12560,0,09:56:24.754401
200821,158382,291439,213805,12570,0,09:56:24.793582
200822,158385,291444,213801,12580,0,09:56:24.834535
200826,158390,291445,213803,12590,0,09:56:24.873529
200822,158390,291453,213800,12600,0,09:56:24.913789
200806,158382,291454,213809,12610,0,09:56:24.952906
200830,158388,291456,213807,12620,0,09:56:24.992947
200813,158378,291456,213805,12630,0,09:56:25.033362
200818,158381,291456,213808,12640,0,09:56:25.073551
200808,158380,291458,213812,12650,0,09:56:25.113544
200823,158385,291454,213810,12660,0,09:56:25.164179
200810,158379,291456,213808,12670,0,09:56:25.193579
200802,158371,291453,213807,12680,0,09:56:25.234394
200804,158376,291456,213811,12690,0,09:56:25.273575
200821,158386,291453,213810,12700,0,09:56:25.313594
200811,158382,291448,213808,12710,0,09:56:25.353611
200812,158382,291456,213812,12720,0,09:56:25.393503
200816,158383,291457,213815,12730,0,09:56:25.433946
200813,158382,291455,213808,12740,0,09:56:25.543652
200801,158368,291452,213810,12750,0,09:56:25.543652
200805,158380,291455,213814,12760,0,09:56:25.553626
200806,158379,291454,213806,12770,0,09:56:25.593519
200816,158390,291452,213811,12780,0,09:56:25.633411
200803,158377,291453,213808,12790,0,09:56:25.673386
200806,158382,291451,213807,12800,0,09:56:25.713385
200813,158381,291447,213798,12810,0,09:56:25.753734
200806,158382,291448,213810,12820,0,09:56:25.793665
200811,158390,291446,213807,12830,0,09:56:25.833747
200825,158393,291451,213811,12840,0,09:56:25.883520
200799,158377,291449,213811,12850,0,09:56:25.913422
200810,158374,291458,213810,12860,0,09:56:25.953330
200807,158375,291458,213812,12870,0,09:56:25.993209
200805,158377,291458,213810,12880,0,09:56:26.033102
200800,158371,291452,213808,12890,0,09:56:26.072995
200808,158376,291459,213812,12900,0,09:56:26.124176
200811,158377,291449,213803,12910,0,09:56:26.154052
200803,158370,291444,213802,12920,0,09:56:26.193622
200795,158373,291448,213809,12930,0,09:56:26.233415
200824,158391,291446,213807,12940,0,09:56:26.273759
200806,158380,291445,213802,12950,0,09:56:26.323254
200791,158369,291450,213805,12960,0,09:56:26.363496
200807,158379,291449,213808,12970,0,09:56:26.393542
200812,158385,291448,213810,12980,0,09:56:26.433384
200802,158376,291448,213805,12990,0,09:56:26.473442
200799,158380,291449,213814,13000,0,09:56:26.523796
200790,158366,291448,213810,13010,0,09:56:26.553717
200805,158384,291444,213806,13020,0,09:56:26.603084
200799,158379,291444,213804,13030,0,09:56:26.633514
200800,158382,291445,213810,13040,0,09:56:26.673137
200801,158379,291449,213806,13050,0,09:56:26.723424
200807,158384,291443,213803,13060,0,09:56:26.754049
200802,158378,291449,213804,13070,0,09:56:26.803215
200806,158380,291452,213807,13080,0,09:56:26.833921
200809,158384,291447,213808,13090,0,09:56:26.903137
200800,158379,291445,213803,13100,0,09:56:26.933262
200813,158389,291443,213802,13110,0,09:56:26.963420
200806,158378,291443,213801,13120,0,09:56:27.003320
200798,158373,291449,213804,13130,0,09:56:27.033428
200809,158377,291449,213800,13140,0,09:56:27.073459
200806,158375,291446,213804,13150,0,09:56:27.123242
200793,158368,291445,213798,13160,0,09:56:27.164160
200792,158370,291432,213795,13170,0,09:56:27.203464
200798,158371,291447,213809,13180,0,09:56:27.263479
200804,158377,291445,213806,13190,0,09:56:27.293927
200796,158369,291442,213797,13200,0,09:56:27.334494
200812,158380,291443,213803,13210,0,09:56:27.380236
200802,158372,291444,213803,13220,0,09:56:27.403187
200808,158376,291439,213798,13230,0,09:56:27.443393
200799,158371,291439,213796,13240,0,09:56:27.473516
200800,158367,291440,213796,13250,0,09:56:27.533741
200793,158360,291444,213804,13260,0,09:56:27.563910
200793,158362,291443,213800,13270,0,09:56:27.603396
200801,158366,291447,213796,13280,0,09:56:27.643495
200801,158374,291452,213803,13290,0,09:56:27.673503
200792,158367,291448,213801,13300,0,09:56:27.735293
200800,158372,291445,213801,13310,0,09:56:27.778180
200802,158376,291445,213805,13320,0,09:56:27.843005
200807,158376,291445,213805,13330,0,09:56:27.913599
200795,158368,291448,213802,13340,0,09:56:27.963935
200805,158375,291436,213793,13350,0,09:56:28.063638
200801,158375,291442,213797,13360,0,09:56:28.123479
200801,158372,291442,213793,13370,0,09:56:28.193530
200795,158373,291439,213798,13380,0,09:56:28.243608
200809,158381,291452,213801,13390,0,09:56:28.293731
200836,158401,291489,213836,13400,0,09:56:28.364154
200685,158270,291325,213691,13410,0,09:56:28.394090
200841,158405,291485,213841,13420,0,09:56:28.434377
200761,158339,291398,213753,13430,0,09:56:28.444138
200784,158360,291434,213787,13440,0,09:56:28.463530
200761,158338,291411,213762,13450,0,09:56:28.503550
200777,158349,291419,213773,13460,0,09:56:28.523948
200772,158349,291418,213775,13470,0,09:56:28.534543
200762,158335,291423,213777,13480,0,09:56:28.563539
200751,158330,291406,213764,13490,0,09:56:28.573523
200775,158351,291410,213766,13500,0,09:56:28.634529
200774,158350,291412,213775,13510,0,09:56:28.673553
200772,158343,291405,213772,13520,0,09:56:28.764135
200759,158339,291403,213768,13530,0,09:56:28.803553
200778,158350,291410,213773,13540,0,09:56:28.873589
200758,158335,291409,213772,13550,0,09:56:28.934571
200769,158350,291413,213773,13560,0,09:56:29.034441
200766,158345,291402,213763,13570,0,09:56:29.073553
200763,158343,291411,213776,13580,0,09:56:29.203617
200794,158347,291408,213770,13590,0,09:56:29.244133
200793,158338,291407,213768,13600,0,09:56:29.273572
200790,158348,291411,213768,13610,0,09:56:29.343601
200770,158344,291405,213766,13620,0,09:56:29.373563
200754,158333,291411,213772,13640,-10,09:56:29.443499
200754,158339,291403,213763,13650,0,09:56:29.543288
200729,158342,291407,213767,13670,-10,09:56:29.573553
200737,158341,291412,213772,13680,0,09:56:29.603628
200757,158354,291407,213769,13690,0,09:56:29.644130
200756,158347,291409,213765,13700,0,09:56:29.673551
200763,158344,291406,213762,13720,-10,09:56:29.774117
200766,158339,291405,213759,13740,-10,09:56:29.813783
200770,158340,291405,213767,13780,-30,09:56:29.943566
200771,158342,291408,213772,13790,0,09:56:29.983855
200763,158336,291407,213778,13800,0,09:56:29.993564
200768,158340,291402,213765,13810,0,09:56:30.013480
200767,158346,291401,213765,13820,0,09:56:30.084607
200777,158352,291403,213766,13830,0,09:56:30.143827
200807,158348,291406,213773,13850,-10,09:56:30.184303
200793,158346,291406,213767,13860,0,09:56:30.253683
200784,158346,291399,213764,13880,-10,09:56:30.323115
200772,158341,291402,213761,13890,0,09:56:30.363236
200769,158343,291404,213770,13900,0,09:56:30.383937
200729,158340,291413,213767,13950,-40,09:56:30.463690
200740,158342,291430,213766,13960,0,09:56:30.473576
200736,158336,291444,213775,13970,0,09:56:30.494405
200746,158340,291423,213772,13980,0,09:56:30.524325
200742,158331,291413,213759,13990,0,09:56:30.563579
200762,158349,291421,213761,14000,0,09:56:30.584541
200762,158345,291411,213762,14010,0,09:56:30.613534
200772,158345,291407,213766,14020,0,09:56:30.634547
200769,158344,291389,213750,14030,0,09:56:30.663826
200763,158340,291402,213762,14040,0,09:56:30.683755
200759,158336,291384,213760,14050,0,09:56:30.723528
200755,158335,291353,213757,14060,0,09:56:30.753539
200745,158327,291350,213751,14070,0,09:56:30.784542
200754,158332,291390,213759,14080,0,09:56:30.834516
200758,158335,291369,213756,14090,0,09:56:30.863550
200748,158325,291414,213764,14100,0,09:56:30.903508
200761,158336,291402,213761,14110,0,09:56:30.953493
200766,158340,291398,213761,14120,0,09:56:30.993521
200757,158336,291400,213760,14130,0,09:56:31.023877
200759,158331,291405,213761,14140,0,09:56:31.063486
200750,158324,291389,213759,14150,0,09:56:31.103378
200760,158338,291380,213757,14160,0,09:56:31.153491
200748,158332,291389,213754,14170,0,09:56:31.193898
200770,158344,291404,213757,14180,0,09:56:31.224513
200765,158347,291375,213759,14190,0,09:56:31.263513
200758,158340,291395,213758,14200,0,09:56:31.303289
200752,158329,291394,213756,14210,0,09:56:31.353500
200760,158337,291402,213761,14220,0,09:56:31.394514
200759,158330,291413,213760,14230,0,09:56:31.423492
200749,158326,291460,213763,14240,0,09:56:31.473528
200754,158334,291432,213752,14250,0,09:56:31.503293
200757,158336,291448,213753,14260,0,09:56:31.563412
200752,158325,291413,213754,14270,0,09:56:31.583360
200764,158338,291418,213752,14280,0,09:56:31.634493
200763,158334,291396,213742,14290,0,09:56:31.673548
200755,158329,291397,213751,14300,0,09:56:31.734141
200754,158328,291390,213751,14310,0,09:56:31.773485
200756,158338,291364,213741,14320,0,09:56:31.843482
200754,158334,291352,213755,14330,0,09:56:31.893487
200756,158336,291364,213753,14340,0,09:56:31.934377
200758,158330,291368,213748,14350,0,09:56:31.973484
200755,158325,291377,213752,14360,0,09:56:32.003518
200763,158341,291387,213757,14370,0,09:56:32.043206
200747,158327,291379,213746,14380,0,09:56:32.134498
200751,158335,291391,213754,14390,0,09:56:32.173524
200758,158335,291397,213752,14400,0,09:56:32.213513
200755,158331,291394,213745,14410,0,09:56:32.273498
200760,158338,291391,213749,14420,0,09:56:32.343514
200759,158339,291395,213753,14430,0,09:56:32.373232
200747,158327,291388,213756,14440,0,09:56:32.434043
200754,158327,291399,213759,14450,0,09:56:32.483703
200746,158330,291392,213757,14460,0,09:56:32.543542
200756,158334,291395,213756,14470,0,09:56:32.583436
200749,158330,291394,213757,14480,0,09:56:32.643276
200761,158333,291387,213749,14490,0,09:56:32.673584
200740,158322,291391,213752,14500,0,09:56:32.684117
200753,158331,291388,213747,14510,0,09:56:32.743517
200753,158338,291382,213753,14530,-10,09:56:32.813584
200738,158328,291387,213746,14540,0,09:56:32.844170
200742,158327,291393,213765,14550,0,09:56:32.913552
200740,158321,291386,213746,14570,-10,09:56:32.984524
200752,158335,291395,213754,14580,0,09:56:33.043531
200736,158316,291390,213754,14590,0,09:56:33.084154
200725,158313,291383,213753,14600,0,09:56:33.103488
200742,158330,291392,213755,14610,0,09:56:33.113508
200768,158347,291397,213752,14620,0,09:56:33.153373
200734,158318,291379,213745,14630,0,09:56:33.203346
200744,158325,291390,213749,14640,0,09:56:33.213552
200748,158328,291382,213745,14650,0,09:56:33.313067
200736,158314,291384,213751,14660,0,09:56:33.373269
200734,158314,291393,213763,14680,-10,09:56:33.473581
200738,158317,291394,213761,14690,0,09:56:33.513604
200731,158313,291383,213751,14710,-10,09:56:33.523532
200734,158324,291389,213760,14730,-10,09:56:33.553500
200729,158311,291387,213750,14740,0,09:56:33.613537
200733,158318,291386,213740,14750,0,09:56:33.623509
200736,158319,291391,213755,14760,0,09:56:33.653528
200749,158327,291384,213743,14770,0,09:56:33.703478
200747,158318,291389,213748,14780,0,09:56:33.724147
200742,158329,291388,213750,14790,0,09:56:33.753522
200734,158323,291395,213756,14800,0,09:56:33.793532
200744,158328,291387,213756,14810,0,09:56:33.853506
200750,158331,291386,213746,14820,0,09:56:33.893518
200756,158332,291375,213743,14830,0,09:56:33.943510
200740,158326,291378,213745,14840,0,09:56:33.984493
200744,158320,291381,213745,14850,0,09:56:34.013543
200734,158322,291378,213746,14860,0,09:56:34.053508
200757,158334,291387,213753,14870,0,09:56:34.084519
200720,158305,291374,213734,14880,0,09:56:34.113545
200740,158321,291375,213745,14890,0,09:56:34.134322
200729,158310,291375,213740,14900,0,09:56:34.164110
200740,158313,291374,213734,14910,0,09:56:34.184504
200731,158315,291377,213744,14920,0,09:56:34.213563
200743,158318,291385,213749,14930,0,09:56:34.233510
200735,158313,291373,213734,14940,0,09:56:34.263507
200732,158308,291374,213741,14950,0,09:56:34.303937
200731,158314,291388,213747,14960,0,09:56:34.344021
200741,158324,291378,213743,14970,0,09:56:34.383473
200734,158318,291372,213741,14980,0,09:56:34.423474
200733,158321,291378,213753,14990,0,09:56:34.463500
200732,158316,291372,213742,15000,0,09:56:34.502989
200736,158324,291386,213745,15010,0,09:56:34.543496
200735,158319,291379,213744,15020,0,09:56:34.584467
200749,158331,291385,213745,15030,0,09:56:34.624152
200735,158319,291374,213743,15040,0,09:56:34.663485
200735,158315,291383,213749,15050,0,09:56:34.704051
200726,158312,291371,213739,15060,0,09:56:34.743431
200728,158317,291373,213737,15070,0,09:56:34.793290
200722,158314,291372,213746,15080,0,09:56:34.823209
200727,158314,291379,213746,15090,0,09:56:34.863640
200720,158304,291381,213741,15100,0,09:56:34.903577
200722,158307,291375,213740,15110,0,09:56:34.943815
200723,158308,291373,213741,15120,0,09:56:34.984465
200729,158309,291376,213737,15130,0,09:56:35.023489
200729,158313,291374,213738,15140,0,09:56:35.063444
200719,158302,291376,213737,15150,0,09:56:35.103906
200727,158316,291367,213731,15160,0,09:56:35.143693
200722,158304,291367,213730,15170,0,09:56:35.184448
200729,158315,291370,213731,15180,0,09:56:35.234460
200720,158297,291377,213739,15190,0,09:56:35.263503
200720,158304,291365,213733,15200,0,09:56:35.304209
200732,158316,291366,213738,15210,0,09:56:35.343510
200713,158303,291370,213741,15220,0,09:56:35.383473
200720,158310,291370,213740,15230,0,09:56:35.423537
200721,158304,291371,213742,15240,0,09:56:35.463514
200728,158317,291369,213735,15250,0,09:56:35.503966
200716,158306,291368,213741,15260,0,09:56:35.543498
200722,158306,291363,213734,15270,0,09:56:35.593511
200720,158306,291365,213732,15280,0,09:56:35.634519
200722,158312,291373,213737,15290,0,09:56:35.663536
200719,158301,291379,213739,15300,0,09:56:35.703164
200719,158307,291365,213731,15310,0,09:56:35.743518
200714,158297,291367,213736,15320,0,09:56:35.783640
200727,158310,291375,213737,15330,0,09:56:35.823535
200709,158297,291370,213738,15340,0,09:56:35.873543
200713,158301,291364,213729,15350,0,09:56:35.903549
200716,158300,291361,213728,15360,0,09:56:35.943527
200716,158303,291363,213731,15370,0,09:56:35.984546
200719,158303,291364,213736,15380,0,09:56:36.034523
200734,158304,291365,213726,15390,0,09:56:36.063527
200719,158294,291369,213739,15400,0,09:56:36.103570
200736,158312,291369,213740,15410,0,09:56:36.143396
200729,158304,291378,213738,15420,0,09:56:36.184547
200726,158303,291376,213741,15430,0,09:56:36.234541
200724,158306,291369,213742,15440,0,09:56:36.263548
200724,158308,291375,213737,15450,0,09:56:36.303534
200716,158303,291370,213744,15460,0,09:56:36.344129
200715,158303,291369,213741,15470,0,09:56:36.384019
200714,158299,291376,213745,15480,0,09:56:36.433516
200704,158299,291381,213748,15490,0,09:56:36.473551
200700,158304,291378,213741,15500,0,09:56:36.503544
200726,158304,291382,213741,15510,0,09:56:36.543284
200741,158318,291373,213738,15520,0,09:56:36.584561
200729,158309,291375,213736,15530,0,09:56:36.623556
200724,158303,291369,213735,15540,0,09:56:36.663602
200730,158307,291366,213727,15550,0,09:56:36.713649
200725,158305,291367,213734,15560,0,09:56:36.743569
200703,158300,291370,213736,15570,0,09:56:36.784572
200726,158317,291374,213741,15580,0,09:56:36.823242
200714,158308,291371,213738,15590,0,09:56:36.873204
200709,158307,291373,213733,15600,0,09:56:36.903588
200705,158307,291370,213730,15610,0,09:56:36.953554
200700,158303,291372,213730,15620,0,09:56:36.983683
200707,158305,291364,213723,15630,0,09:56:37.023177
200707,158303,291368,213733,15640,0,09:56:37.073441
200712,158306,291377,213737,15650,0,09:56:37.103370
200707,158295,291377,213740,15660,0,09:56:37.153898
200725,158301,291371,213737,15670,0,09:56:37.193905
200732,158299,291367,213730,15680,0,09:56:37.223503
200759,158301,291383,213739,15690,0,09:56:37.263527
200745,158295,291368,213731,15700,0,09:56:37.313569
200733,158288,291371,213729,15710,0,09:56:37.343537
200764,158301,291373,213738,15720,0,09:56:37.384036
200744,158292,291369,213729,15730,0,09:56:37.423569
200716,158286,291362,213725,15740,0,09:56:37.465928
200731,158300,291364,213734,15750,0,09:56:37.513800
200725,158302,291364,213728,15760,0,09:56:37.543472
200727,158306,291365,213729,15770,0,09:56:37.584495
200720,158304,291360,213730,15780,0,09:56:37.623479
200723,158304,291371,213730,15790,0,09:56:37.664041
200693,158288,291361,213724,15800,0,09:56:37.713666
